id,rol,hoja_de_vida_texto,anios_experiencia,requisitos_cumplidos,apto
sel-fullstack-010,fullstack,Alejandro Cárdenas Herrera. Profesional en ingeniería de software en Cali. Perfil: 8 años de experiencia en el área. Formación: Ingeniería Electrónica. Experiencia reciente en Bancolombia: Trabajo bajo metodologías ágiles (Scrum y Kanban). Desarrollo de SPAs con Vue.js y componentes reutilizables. Experiencia previa en una consultora de software: Contenedores con Docker y despliegues continuos. Dominio de JavaScript moderno (ES6+) y TypeScript en proyectos productivos.,8,JavaScript/TypeScript|React o similar,0
sel-fullstack-025,fullstack,Juan David García Rodríguez. Profesional en desarrollo Full Stack en Manizales. Perfil: 10 años de experiencia en el área. Formación: Ingeniería Electrónica. Experiencia reciente en una consultora de software: Trabajo bajo metodologías ágiles (Scrum y Kanban). Experiencia previa en Rappi: Diseño de APIs REST con Node.js y Express. Participación en revisiones de código y pair programming.,10,Node.js o backend equivalente,0
sel-fullstack-034,fullstack,Paula Vargas Hernández. Profesional en desarrollo Full Stack en Cartagena. Perfil: 3 años de experiencia en el área. Formación: Ingeniería de Software. Experiencia reciente en Rappi: Uso de Git y GitHub para control de versiones. Experiencia previa en Globant: Participación en revisiones de código y pair programming.,3,,0
sel-marketing-035,marketing,Daniela Salazar Jiménez. Profesional en marketing digital en Cartagena. Perfil: 10 años de experiencia en el área. Formación: Publicidad. Experiencia reciente en una tienda e-commerce: Manejo de Canva y Adobe Photoshop. Experiencia previa en Juan Valdez: Redacción de copies y piezas para email marketing.,10,,0
sel-rrhh-052,rrhh,"Isabella Martínez Torres. Profesional de Talento Humano en Pereira. Perfil: 5 años de experiencia en el área. Formación: Especialización en Gestión Humana. Experiencia reciente en Colsubsidio: Conocimiento del Código Sustantivo del Trabajo. Manejo de nómina, seguridad social y prestaciones sociales. Experiencia previa en una clínica privada: Organización de jornadas de bienestar laboral. Reclutamiento y entrevistas por competencias para más de 200 vacantes al año. Comunicación asertiva con colaboradores y líderes de área.",5,Gestión de procesos de selección|Manejo de nómina|Comunicación interpersonal,1
sel-marketing-058,marketing,Paula Torres Gómez. Profesional en marketing digital en Medellín. Perfil: 11 años de experiencia en el área. Formación: Mercadeo. Experiencia reciente en una marca de cosméticos: Gestión de influenciadores y alianzas de marca. Experiencia previa en Avianca: Manejo de Canva y Adobe Photoshop. Community manager de marcas de consumo masivo en Instagram y TikTok.,11,Gestión de redes sociales,0
sel-ventas-029,ventas,Julián Quintero García. Profesional del área comercial en Medellín. Perfil: 6 años de experiencia en el área. Formación: Mercadeo y Ventas. Experiencia reciente en una distribuidora de alimentos: No maneja CRM; llevaba los clientes en una libreta. Licencia de conducción y disponibilidad para viajar. Experiencia previa en Postobón: Prospección telefónica y visitas en campo. Negociación de contratos anuales con grandes superficies.,6,Negociación,0
sel-marketing-039,marketing,Natalia Martínez Martínez. Profesional en mercadeo digital en Bogotá. Perfil: 15 años de experiencia en el área. Formación: Diseño Gráfico. Experiencia reciente en Avianca: Manejo de Canva y Adobe Photoshop. Experiencia previa en una agencia digital: Tableros de resultados en Looker Studio para la gerencia. Gestión de influenciadores y alianzas de marca.,15,Analítica web (Google Analytics),0
sel-ventas-044,ventas,Alejandro Herrera Ramírez. Profesional en ventas en Cali. Perfil: 5 años de experiencia en el área. Formación: Administración de Empresas. Experiencia reciente en Seguros Bolívar: Cierre de negocios y manejo de objeciones con clientes clave. Gestión de oportunidades y contactos en HubSpot CRM. Experiencia previa en una distribuidora de alimentos: Elaboración de cotizaciones y propuestas comerciales. Licencia de conducción y disponibilidad para viajar. Atendí cartera de clientes empresariales y superé el presupuesto trimestral.,5,Experiencia en ventas B2B/B2C|Manejo de CRM|Negociación,1
sel-rrhh-021,rrhh,Catalina Cárdenas Mejía. Profesional en gestión humana en Bogotá. Perfil: 0 años de experiencia en el área. Formación: Especialización en Gestión Humana. Experiencia reciente en Alpina: Filtré hojas de vida y apliqué pruebas psicotécnicas a aspirantes. Organización de jornadas de bienestar laboral. Experiencia previa en una caja de compensación: Comunicación asertiva con colaboradores y líderes de área. Liquidación de nómina quincenal para 350 empleados. Conocimiento del Código Sustantivo del Trabajo.,0,Gestión de procesos de selección|Manejo de nómina|Comunicación interpersonal,1
sel-marketing-029,marketing,Sebastián Restrepo Gómez. Profesional en mercadeo digital en Cartagena. Perfil: 7 años de experiencia en el área. Formación: Mercadeo. Experiencia reciente en Juan Valdez: Gestión de campañas SEM en Google Ads con presupuesto mensual de USD 8.000. Gestión de influenciadores y alianzas de marca. Experiencia previa en una agencia digital: Inglés intermedio para campañas regionales. Planeación de parrillas de contenido para redes sociales. Tableros de resultados en Looker Studio para la gerencia.,7,SEO/SEM|Gestión de redes sociales|Analítica web (Google Analytics),1
sel-marketing-046,marketing,Sebastián Salazar Martínez. Profesional en mercadeo digital en Barranquilla. Perfil: 5 años de experiencia en el área. Formación: Mercadeo. Experiencia reciente en Juan Valdez: Inglés intermedio para campañas regionales. Experiencia previa en Falabella: Redacción de copies y piezas para email marketing. Medición de conversiones con Google Analytics 4 (GA4) y Tag Manager.,5,Analítica web (Google Analytics),0
sel-ventas-027,ventas,Miguel Ángel Quintero Gómez. Profesional en ventas en Cali. Perfil: 13 años de experiencia en el área. Formación: Tecnología en Gestión Comercial. Experiencia reciente en un concesionario de vehículos: Elaboración de cotizaciones y propuestas comerciales. Experiencia previa en una distribuidora de alimentos: Prospección telefónica y visitas en campo. Cierre de negocios y manejo de objeciones con clientes clave.,13,Negociación,0
sel-marketing-006,marketing,Sebastián Torres Restrepo. Profesional en mercadeo digital en Pereira. Perfil: 14 años de experiencia en el área. Formación: Publicidad. Experiencia reciente en Falabella: Gestión de influenciadores y alianzas de marca. Analítica web y reportes de embudo de conversión. Experiencia previa en Avianca: Estrategias SEO on-page y off-page que duplicaron el tráfico orgánico. Redacción de copies y piezas para email marketing.,14,SEO/SEM|Analítica web (Google Analytics),1
sel-rrhh-023,rrhh,Ana María Jiménez Jiménez. Profesional de Talento Humano en Bucaramanga. Perfil: 15 años de experiencia en el área. Formación: Psicología. Experiencia reciente en una empresa de servicios temporales: Reclutamiento y entrevistas por competencias para más de 200 vacantes al año. Liquidación de nómina quincenal para 350 empleados. Experiencia previa en una caja de compensación: Apoyo en programas de capacitación y onboarding. Gestión de evaluaciones de desempeño anuales.,15,Gestión de procesos de selección|Manejo de nómina,1
sel-fullstack-036,fullstack,Julián Moreno Rodríguez. Profesional en desarrollo Full Stack en Cartagena. Perfil: 15 años de experiencia en el área. Formación: Ingeniería de Software. Experiencia reciente en Rappi: Modelado de datos en PostgreSQL y consultas optimizadas. Participación en revisiones de código y pair programming. Experiencia previa en Accenture: Implementación de microservicios en NestJS desplegados en AWS. Desarrollo de módulos en TypeScript con pruebas unitarias en Jest. Uso de Git y GitHub para control de versiones.,15,JavaScript/TypeScript|Node.js o backend equivalente|Bases de datos SQL/NoSQL,1
sel-ventas-024,ventas,Sebastián García López. Profesional en ventas en Manizales. Perfil: 10 años de experiencia en el área. Formación: Negocios Internacionales. Experiencia reciente en un concesionario de vehículos: Atención y fidelización de clientes. Seguimiento del embudo comercial en Salesforce. Experiencia previa en una distribuidora de alimentos: Venta consultiva de software a medianas empresas con metas comerciales mensuales. Orientación al logro y trabajo bajo presión. Negociación de contratos anuales con grandes superficies.,10,Experiencia en ventas B2B/B2C|Manejo de CRM|Negociación,1
sel-ventas-039,ventas,Mariana Jiménez Mejía. Profesional en ventas en Cali. Perfil: 6 años de experiencia en el área. Formación: Administración de Empresas. Experiencia reciente en Seguros Bolívar: Elaboración de cotizaciones y propuestas comerciales. Experiencia previa en un concesionario de vehículos: Orientación al logro y trabajo bajo presión.,6,,0
sel-marketing-060,marketing,Mateo Cárdenas Castro. Profesional en mercadeo digital en Cartagena. Perfil: 14 años de experiencia en el área. Formación: Mercadeo. Experiencia reciente en Juan Valdez: Redacción de copies y piezas para email marketing. Analítica web y reportes de embudo de conversión. Experiencia previa en una agencia digital: Planeación de parrillas de contenido para redes sociales. Keyword research y optimización de contenidos para posicionamiento en buscadores. Gestión de influenciadores y alianzas de marca.,14,SEO/SEM|Gestión de redes sociales|Analítica web (Google Analytics),1
sel-ventas-009,ventas,Laura Ramírez Hernández. Profesional del área comercial en Bogotá. Perfil: 3 años de experiencia en el área. Formación: Tecnología en Gestión Comercial. Experiencia reciente en Claro: Atendí cartera de clientes empresariales y superé el presupuesto trimestral. Elaboración de cotizaciones y propuestas comerciales. Experiencia previa en Postobón: Seguimiento del embudo comercial en Salesforce. Prospección telefónica y visitas en campo.,3,Experiencia en ventas B2B/B2C|Manejo de CRM,1
sel-rrhh-016,rrhh,Esteban Restrepo Jiménez. Profesional en gestión humana en Bucaramanga. Perfil: 15 años de experiencia en el área. Formación: Psicología. Experiencia reciente en Alpina: Reclutamiento y entrevistas por competencias para más de 200 vacantes al año. Experiencia previa en una caja de compensación: Apoyo en programas de capacitación y onboarding. Manejo de Excel avanzado y tablas dinámicas.,15,Gestión de procesos de selección,0
sel-fullstack-050,fullstack,Mariana Jiménez Restrepo. Profesional en desarrollo Full Stack en Manizales. Perfil: 1 año de experiencia en el área. Formación: Ingeniería Electrónica. Experiencia reciente en Accenture: Desarrollo de módulos en TypeScript con pruebas unitarias en Jest. Trabajo bajo metodologías ágiles (Scrum y Kanban). Experiencia previa en Globant: Diseño del modelo relacional y optimización de consultas con índices. Desarrollo de SPAs con Vue.js y componentes reutilizables. Contenedores con Docker y despliegues continuos.,1,JavaScript/TypeScript|React o similar|Bases de datos SQL/NoSQL,1
sel-ventas-006,ventas,Catalina Quintero Ortiz. Profesional en ventas en Bucaramanga. Perfil: 3 años de experiencia en el área. Formación: Administración de Empresas. Experiencia reciente en Seguros Bolívar: Orientación al logro y trabajo bajo presión. Experiencia previa en un concesionario de vehículos: Elaboración de cotizaciones y propuestas comerciales. Seguimiento del embudo comercial en Salesforce.,3,Manejo de CRM,0
sel-fullstack-040,fullstack,Paula Martínez Martínez. Profesional en ingeniería de software en Medellín. Perfil: 14 años de experiencia en el área. Formación: Tecnología en Desarrollo de Software. Experiencia reciente en Globant: Participación en revisiones de código y pair programming. Dominio de JavaScript moderno (ES6+) y TypeScript en proyectos productivos. Experiencia previa en una consultora de software: Implementación de microservicios en NestJS desplegados en AWS. Administración de esquemas en MySQL y migraciones. Inglés intermedio (B2) para lectura de documentación técnica.,14,JavaScript/TypeScript|Node.js o backend equivalente|Bases de datos SQL/NoSQL,1
sel-fullstack-012,fullstack,Tomás Vargas Mejía. Profesional en ingeniería de software en Bucaramanga. Perfil: 3 años de experiencia en el área. Formación: Tecnología en Desarrollo de Software. Experiencia reciente en Bancolombia: Inglés intermedio (B2) para lectura de documentación técnica. Contenedores con Docker y despliegues continuos. Experiencia previa en una consultora de software: Uso de MongoDB y Redis para cachés y documentos. Mantenimiento de una aplicación web en Angular con más de 40 vistas.,3,React o similar|Bases de datos SQL/NoSQL,0
sel-fullstack-045,fullstack,Catalina López Rodríguez. Profesional en ingeniería de software en Medellín. Perfil: 13 años de experiencia en el área. Formación: Tecnología en Desarrollo de Software. Experiencia reciente en una startup fintech: Desarrollo de SPAs con Vue.js y componentes reutilizables. Participación en revisiones de código y pair programming. Experiencia previa en Globant: Trabajo bajo metodologías ágiles (Scrum y Kanban). Uso de MongoDB y Redis para cachés y documentos. Programo a diario en JavaScript y TypeScript con buenas prácticas de tipado.,13,JavaScript/TypeScript|React o similar|Bases de datos SQL/NoSQL,1
sel-fullstack-022,fullstack,Alejandro Quintero Moreno. Profesional en ingeniería de software en Cartagena. Perfil: 8 años de experiencia en el área. Formación: Tecnología en Desarrollo de Software. Experiencia reciente en una startup fintech: Contenedores con Docker y despliegues continuos. Experiencia previa en una consultora de software: Inglés intermedio (B2) para lectura de documentación técnica. No he trabajado con Node.js en proyectos reales.,8,,0
sel-marketing-051,marketing,Isabella Cárdenas Herrera. Profesional en mercadeo digital en Pereira. Perfil: 4 años de experiencia en el área. Formación: Diseño Gráfico. Experiencia reciente en Falabella: Estrategias SEO on-page y off-page que duplicaron el tráfico orgánico. Experiencia previa en una tienda e-commerce: Inglés intermedio para campañas regionales. Coordinación con agencias creativas.,4,SEO/SEM,0
sel-ventas-028,ventas,Ana María Moreno García. Profesional en ventas en Cartagena. Perfil: 1 año de experiencia en el área. Formación: Negocios Internacionales. Experiencia reciente en un concesionario de vehículos: Elaboración de cotizaciones y propuestas comerciales. Experiencia previa en una distribuidora de alimentos: Orientación al logro y trabajo bajo presión.,1,,0
sel-fullstack-026,fullstack,Alejandro Ospina Torres. Profesional en ingeniería de software en Cali. Perfil: 4 años de experiencia en el área. Formación: Ingeniería de Software. Experiencia reciente en Bancolombia: Inglés intermedio (B2) para lectura de documentación técnica. Experiencia previa en Accenture: Administración de esquemas en MySQL y migraciones. Uso de Git y GitHub para control de versiones.,4,Bases de datos SQL/NoSQL,0
sel-ventas-001,ventas,Carlos Salazar Pardo. Profesional en ventas en Cartagena. Perfil: 11 años de experiencia en el área. Formación: Negocios Internacionales. Experiencia reciente en una distribuidora de alimentos: Elaboración de cotizaciones y propuestas comerciales. Venta consultiva de software a medianas empresas con metas comerciales mensuales. Experiencia previa en Postobón: Registro de actividades y pronósticos en Pipedrive. Negociación de contratos anuales con grandes superficies. Licencia de conducción y disponibilidad para viajar.,11,Experiencia en ventas B2B/B2C|Manejo de CRM|Negociación,1
sel-ventas-056,ventas,Paula Díaz Vargas. Profesional en ventas en Barranquilla. Perfil: 6 años de experiencia en el área. Formación: Tecnología en Gestión Comercial. Experiencia reciente en Siemens: Negociación de contratos anuales con grandes superficies. Experiencia como ejecutivo comercial en ventas B2C de servicios financieros. Experiencia previa en Claro: Atención y fidelización de clientes. Elaboración de cotizaciones y propuestas comerciales.,6,Experiencia en ventas B2B/B2C|Negociación,1
sel-marketing-020,marketing,Juan David Jiménez Martínez. Profesional en mercadeo digital en Manizales. Perfil: 1 año de experiencia en el área. Formación: Comunicación Social. Experiencia reciente en Falabella: Gestión de influenciadores y alianzas de marca. Experiencia previa en Avianca: Sin experiencia en Google Analytics. Manejo de Canva y Adobe Photoshop.,1,,0
sel-marketing-049,marketing,Ana María Hernández Salazar. Profesional en marketing digital en Medellín. Perfil: 2 años de experiencia en el área. Formación: Diseño Gráfico. Experiencia reciente en una agencia digital: Gestión de campañas SEM en Google Ads con presupuesto mensual de USD 8.000. Pauta en Meta Ads y estrategia de social media. Experiencia previa en Falabella: Analítica web y reportes de embudo de conversión. Redacción de copies y piezas para email marketing. Manejo de Canva y Adobe Photoshop.,2,SEO/SEM|Gestión de redes sociales|Analítica web (Google Analytics),1
sel-rrhh-046,rrhh,Valentina Salazar Gómez. Profesional de Talento Humano en Manizales. Perfil: 1 año de experiencia en el área. Formación: Trabajo Social. Experiencia reciente en una clínica privada: Conocimiento del Código Sustantivo del Trabajo. Experiencia previa en una caja de compensación: Apoyo en programas de capacitación y onboarding.,1,,0
sel-marketing-052,marketing,Juan David Torres Torres. Profesional en mercadeo digital en Barranquilla. Perfil: 1 año de experiencia en el área. Formación: Publicidad. Experiencia reciente en Avianca: Coordinación con agencias creativas. Redacción de copies y piezas para email marketing. Experiencia previa en Falabella: Estrategias SEO on-page y off-page que duplicaron el tráfico orgánico. Planeación de parrillas de contenido para redes sociales.,1,SEO/SEM|Gestión de redes sociales,1
sel-marketing-005,marketing,Isabella Ramírez Suárez. Profesional en mercadeo digital en Bucaramanga. Perfil: 2 años de experiencia en el área. Formación: Mercadeo. Experiencia reciente en una tienda e-commerce: Gestión de influenciadores y alianzas de marca. Community manager de marcas de consumo masivo en Instagram y TikTok. Experiencia previa en una marca de cosméticos: Coordinación con agencias creativas. Analítica web y reportes de embudo de conversión.,2,Gestión de redes sociales|Analítica web (Google Analytics),1
sel-rrhh-011,rrhh,Carlos Hernández Salazar. Profesional de Talento Humano en Manizales. Perfil: 13 años de experiencia en el área. Formación: Especialización en Gestión Humana. Experiencia reciente en Colsubsidio: Organización de jornadas de bienestar laboral. Conocimiento del Código Sustantivo del Trabajo. Experiencia previa en Alpina: Liquidación de nómina quincenal para 350 empleados. Escucha activa en procesos de acompañamiento a empleados.,13,Manejo de nómina|Comunicación interpersonal,1
sel-ventas-038,ventas,Camila Gómez Rojas. Profesional del área comercial en Manizales. Perfil: 10 años de experiencia en el área. Formación: Negocios Internacionales. Experiencia reciente en Seguros Bolívar: Atención y fidelización de clientes. Cierre de negocios y manejo de objeciones con clientes clave. Experiencia previa en Postobón: Registro de actividades y pronósticos en Pipedrive. Orientación al logro y trabajo bajo presión.,10,Manejo de CRM|Negociación,1
sel-fullstack-030,fullstack,Mateo Hernández Salazar. Profesional en desarrollo Full Stack en Bogotá. Perfil: 3 años de experiencia en el área. Formación: Tecnología en Desarrollo de Software. Experiencia reciente en una startup fintech: Programo a diario en JavaScript y TypeScript con buenas prácticas de tipado. Uso de MongoDB y Redis para cachés y documentos. Experiencia previa en Rappi: Implementación de microservicios en NestJS desplegados en AWS. Uso de Git y GitHub para control de versiones. Participación en revisiones de código y pair programming.,3,JavaScript/TypeScript|Node.js o backend equivalente|Bases de datos SQL/NoSQL,1
sel-ventas-052,ventas,Daniela Martínez Rodríguez. Profesional del área comercial en Bucaramanga. Perfil: 7 años de experiencia en el área. Formación: Negocios Internacionales. Experiencia reciente en Seguros Bolívar: Licencia de conducción y disponibilidad para viajar. Habilidades de negociación de precios y condiciones comerciales. Experiencia previa en Postobón: Registro de actividades y pronósticos en Pipedrive. Experiencia como ejecutivo comercial en ventas B2C de servicios financieros. Prospección telefónica y visitas en campo.,7,Experiencia en ventas B2B/B2C|Manejo de CRM|Negociación,1
sel-rrhh-022,rrhh,Manuela Castro Herrera. Profesional en gestión humana en Barranquilla. Perfil: 1 año de experiencia en el área. Formación: Trabajo Social. Experiencia reciente en una empresa de servicios temporales: Conocimiento del Código Sustantivo del Trabajo. Experiencia previa en Alpina: Apoyo en programas de capacitación y onboarding.,1,,0
sel-rrhh-014,rrhh,Valentina García Martínez. Profesional de Talento Humano en Pereira. Perfil: 11 años de experiencia en el área. Formación: Psicología. Experiencia reciente en Alpina: Comunicación asertiva con colaboradores y líderes de área. Apoyo en programas de capacitación y onboarding. Experiencia previa en Grupo Éxito: Gestión de evaluaciones de desempeño anuales. Lideré procesos de selección de personal para cargos operativos y administrativos.,11,Gestión de procesos de selección|Comunicación interpersonal,1
sel-fullstack-049,fullstack,Sebastián Torres Ortiz. Profesional en ingeniería de software en Bucaramanga. Perfil: 1 año de experiencia en el área. Formación: Ingeniería Electrónica. Experiencia reciente en Globant: Desarrollo de servicios en Python con FastAPI y Django. Administración de esquemas en MySQL y migraciones. Maquetación de interfaces dinámicas basadas en componentes reutilizables. Experiencia previa en una startup fintech: Participación en revisiones de código y pair programming. Inglés intermedio (B2) para lectura de documentación técnica. Escribo el código del lado del cliente con tipado estático y pruebas automatizadas.,1,JavaScript/TypeScript|React o similar|Node.js o backend equivalente|Bases de datos SQL/NoSQL,1
sel-marketing-025,marketing,Felipe García Restrepo. Profesional en marketing digital en Cartagena. Perfil: 13 años de experiencia en el área. Formación: Comunicación Social. Experiencia reciente en Falabella: Estrategias SEO on-page y off-page que duplicaron el tráfico orgánico. Gestión de influenciadores y alianzas de marca. Experiencia previa en una marca de cosméticos: Inglés intermedio para campañas regionales. Medición de conversiones con Google Analytics 4 (GA4) y Tag Manager. Planeación de parrillas de contenido para redes sociales.,13,SEO/SEM|Gestión de redes sociales|Analítica web (Google Analytics),1
sel-fullstack-052,fullstack,Alejandro Díaz Hernández. Profesional en ingeniería de software en Bucaramanga. Perfil: 8 años de experiencia en el área. Formación: Ingeniería de Sistemas. Experiencia reciente en Rappi: Contenedores con Docker y despliegues continuos. Experiencia previa en Accenture: Participación en revisiones de código y pair programming.,8,,0
sel-marketing-056,marketing,Esteban Moreno Quintero. Profesional en mercadeo digital en Bogotá. Perfil: 6 años de experiencia en el área. Formación: Mercadeo. Experiencia reciente en Juan Valdez: Community manager de marcas de consumo masivo en Instagram y TikTok. Analítica web y reportes de embudo de conversión. Experiencia previa en una marca de cosméticos: Inglés intermedio para campañas regionales. Redacción de copies y piezas para email marketing. Gestión de campañas SEM en Google Ads con presupuesto mensual de USD 8.000.,6,SEO/SEM|Gestión de redes sociales|Analítica web (Google Analytics),1
sel-ventas-045,ventas,Juan David Herrera Suárez. Profesional en ventas en Cartagena. Perfil: 5 años de experiencia en el área. Formación: Administración de Empresas. Experiencia reciente en Siemens: Registro de actividades y pronósticos en Pipedrive. Atención y fidelización de clientes. Experiencia previa en Postobón: Experiencia como ejecutivo comercial en ventas B2C de servicios financieros. Orientación al logro y trabajo bajo presión. Negociación de contratos anuales con grandes superficies.,5,Experiencia en ventas B2B/B2C|Manejo de CRM|Negociación,1
sel-marketing-016,marketing,Tomás Quintero Hernández. Profesional en mercadeo digital en Barranquilla. Perfil: 7 años de experiencia en el área. Formación: Comunicación Social. Experiencia reciente en una marca de cosméticos: Estrategias SEO on-page y off-page que duplicaron el tráfico orgánico. Redacción de copies y piezas para email marketing. Experiencia previa en una tienda e-commerce: Analítica web y reportes de embudo de conversión. Manejo de Canva y Adobe Photoshop. Planeación de parrillas de contenido para redes sociales.,7,SEO/SEM|Gestión de redes sociales|Analítica web (Google Analytics),1
sel-fullstack-039,fullstack,Paula Martínez Díaz. Profesional en ingeniería de software en Cartagena. Perfil: 14 años de experiencia en el área. Formación: Ingeniería de Software. Experiencia reciente en una startup fintech: Contenedores con Docker y despliegues continuos. Experiencia previa en una consultora de software: Participación en revisiones de código y pair programming.,14,,0
sel-rrhh-028,rrhh,"Alejandro Quintero Hernández. Profesional de Talento Humano en Manizales. Perfil: 0 años de experiencia en el área. Formación: Trabajo Social. Experiencia reciente en Grupo Éxito: Gestión de evaluaciones de desempeño anuales. Cálculo de pagos quincenales, horas extra y aportes de los trabajadores. Experiencia previa en Alpina: Filtré hojas de vida y apliqué pruebas psicotécnicas a aspirantes. Apoyo en programas de capacitación y onboarding. Fuertes relaciones interpersonales y manejo de conflictos.",0,Gestión de procesos de selección|Manejo de nómina|Comunicación interpersonal,1
sel-rrhh-038,rrhh,Sofía García Moreno. Profesional en gestión humana en Cartagena. Perfil: 2 años de experiencia en el área. Formación: Psicología. Experiencia reciente en una empresa de servicios temporales: Manejo de Excel avanzado y tablas dinámicas. Fuertes relaciones interpersonales y manejo de conflictos. Experiencia previa en una caja de compensación: Organización de jornadas de bienestar laboral. Estrategias de atracción de talento y headhunting para perfiles directivos. Liquidación de nómina quincenal para 350 empleados.,2,Gestión de procesos de selección|Manejo de nómina|Comunicación interpersonal,1
sel-fullstack-014,fullstack,Tomás Quintero Restrepo. Profesional en ingeniería de software en Cali. Perfil: 0 años de experiencia en el área. Formación: Ingeniería Electrónica. Experiencia reciente en Accenture: Trabajo bajo metodologías ágiles (Scrum y Kanban). Experiencia previa en una consultora de software: Uso de Git y GitHub para control de versiones. Sin conocimientos de React por el momento.,0,,0
sel-ventas-015,ventas,Felipe Gómez Mejía. Profesional del área comercial en Barranquilla. Perfil: 10 años de experiencia en el área. Formación: Administración de Empresas. Experiencia reciente en Claro: Habilidades de negociación de precios y condiciones comerciales. Orientación al logro y trabajo bajo presión. Experiencia previa en una distribuidora de alimentos: Gestión de oportunidades y contactos en HubSpot CRM. Prospección telefónica y visitas en campo. Venta consultiva de software a medianas empresas con metas comerciales mensuales.,10,Experiencia en ventas B2B/B2C|Manejo de CRM|Negociación,1
sel-ventas-035,ventas,Gabriela Mejía Díaz. Profesional del área comercial en Barranquilla. Perfil: 12 años de experiencia en el área. Formación: Negocios Internacionales. Experiencia reciente en Claro: Gestión de oportunidades y contactos en HubSpot CRM. Elaboración de cotizaciones y propuestas comerciales. Experiencia previa en Siemens: Venta consultiva de software a medianas empresas con metas comerciales mensuales. Orientación al logro y trabajo bajo presión. Negociación de contratos anuales con grandes superficies.,12,Experiencia en ventas B2B/B2C|Manejo de CRM|Negociación,1
sel-rrhh-058,rrhh,Natalia Quintero Ramírez. Profesional de Talento Humano en Cartagena. Perfil: 14 años de experiencia en el área. Formación: Psicología. Experiencia reciente en Alpina: Manejo de Excel avanzado y tablas dinámicas. Experiencia previa en una clínica privada: Reclutamiento y entrevistas por competencias para más de 200 vacantes al año. Conocimiento del Código Sustantivo del Trabajo.,14,Gestión de procesos de selección,0
sel-rrhh-003,rrhh,Samuel Mejía Díaz. Profesional de Talento Humano en Bogotá. Perfil: 0 años de experiencia en el área. Formación: Trabajo Social. Experiencia reciente en Grupo Éxito: Conocimiento del Código Sustantivo del Trabajo. Manejo de Excel avanzado y tablas dinámicas. Experiencia previa en Alpina: Fuertes relaciones interpersonales y manejo de conflictos. Lideré procesos de selección de personal para cargos operativos y administrativos.,0,Gestión de procesos de selección|Comunicación interpersonal,1
sel-fullstack-053,fullstack,Daniela Hernández García. Profesional en ingeniería de software en Cali. Perfil: 11 años de experiencia en el área. Formación: Ingeniería de Sistemas. Experiencia reciente en una startup fintech: Modelado de datos en PostgreSQL y consultas optimizadas. Mantenimiento de una aplicación web en Angular con más de 40 vistas. Contenedores con Docker y despliegues continuos. Experiencia previa en Accenture: Construcción de los servicios del lado del servidor que exponen la lógica de negocio. Dominio de JavaScript moderno (ES6+) y TypeScript en proyectos productivos. Participación en revisiones de código y pair programming.,11,JavaScript/TypeScript|React o similar|Node.js o backend equivalente|Bases de datos SQL/NoSQL,1
sel-ventas-043,ventas,Paula Ortiz Ospina. Profesional en ventas en Bucaramanga. Perfil: 3 años de experiencia en el área. Formación: Administración de Empresas. Experiencia reciente en una distribuidora de alimentos: Negociación de contratos anuales con grandes superficies. Orientación al logro y trabajo bajo presión. Experiencia previa en Siemens: Elaboración de cotizaciones y propuestas comerciales. Venta consultiva de software a medianas empresas con metas comerciales mensuales. Seguimiento del embudo comercial en Salesforce.,3,Experiencia en ventas B2B/B2C|Manejo de CRM|Negociación,1
sel-fullstack-060,fullstack,Julián García Cárdenas. Profesional en ingeniería de software en Cartagena. Perfil: 9 años de experiencia en el área. Formación: Ingeniería Electrónica. Experiencia reciente en Rappi: Inglés intermedio (B2) para lectura de documentación técnica. Experiencia previa en una startup fintech: Desarrollo de módulos en TypeScript con pruebas unitarias en Jest. Contenedores con Docker y despliegues continuos.,9,JavaScript/TypeScript,0
sel-rrhh-017,rrhh,Diego Salazar Suárez. Profesional en gestión humana en Manizales. Perfil: 5 años de experiencia en el área. Formación: Especialización en Gestión Humana. Experiencia reciente en Alpina: Manejo de Excel avanzado y tablas dinámicas. Elaboración de la planilla PILA y novedades de nómina. Experiencia previa en Grupo Éxito: Comunicación asertiva con colaboradores y líderes de área. Reclutamiento y entrevistas por competencias para más de 200 vacantes al año. Gestión de evaluaciones de desempeño anuales.,5,Gestión de procesos de selección|Manejo de nómina|Comunicación interpersonal,1
sel-marketing-032,marketing,Samuel Castro Rojas. Profesional en marketing digital en Bucaramanga. Perfil: 14 años de experiencia en el área. Formación: Comunicación Social. Experiencia reciente en una marca de cosméticos: Sin experiencia en Google Analytics. Manejo de Canva y Adobe Photoshop. Experiencia previa en una agencia digital: Estrategias SEO on-page y off-page que duplicaron el tráfico orgánico. Inglés intermedio para campañas regionales. Pauta en Meta Ads y estrategia de social media.,14,SEO/SEM|Gestión de redes sociales,1
sel-fullstack-006,fullstack,Isabella Ospina Cárdenas. Profesional en ingeniería de software en Barranquilla. Perfil: 0 años de experiencia en el área. Formación: Ingeniería de Software. Experiencia reciente en una consultora de software: Programo a diario en JavaScript y TypeScript con buenas prácticas de tipado. Trabajo bajo metodologías ágiles (Scrum y Kanban). Experiencia previa en una startup fintech: Participación en revisiones de código y pair programming. Desarrollo de servicios en Python con FastAPI y Django.,0,JavaScript/TypeScript|Node.js o backend equivalente,0
sel-rrhh-002,rrhh,Daniela Díaz Gómez. Profesional en gestión humana en Barranquilla. Perfil: 15 años de experiencia en el área. Formación: Psicología. Experiencia reciente en una empresa de servicios temporales: Conocimiento del Código Sustantivo del Trabajo. Comunicación asertiva con colaboradores y líderes de área. Experiencia previa en una caja de compensación: Gestión de evaluaciones de desempeño anuales. Filtré hojas de vida y apliqué pruebas psicotécnicas a aspirantes.,15,Gestión de procesos de selección|Comunicación interpersonal,1
sel-ventas-033,ventas,Mariana Rojas Ortiz. Profesional del área comercial en Cartagena. Perfil: 2 años de experiencia en el área. Formación: Administración de Empresas. Experiencia reciente en una distribuidora de alimentos: Cierre de negocios y manejo de objeciones con clientes clave. Prospección telefónica y visitas en campo. Experiencia previa en Postobón: Mantuve actualizada la plataforma de seguimiento de clientes y oportunidades. Atención y fidelización de clientes. Ventas B2B a cuentas corporativas con cumplimiento de cuotas de venta del 115%.,2,Experiencia en ventas B2B/B2C|Manejo de CRM|Negociación,1
sel-rrhh-059,rrhh,Gabriela Ramírez Suárez. Profesional en gestión humana en Bogotá. Perfil: 3 años de experiencia en el área. Formación: Psicología. Experiencia reciente en una empresa de servicios temporales: Conocimiento del Código Sustantivo del Trabajo. Experiencia previa en Colsubsidio: Elaboración de la planilla PILA y novedades de nómina. Manejo de Excel avanzado y tablas dinámicas.,3,Manejo de nómina,0
sel-ventas-049,ventas,Gabriela Cárdenas Gómez. Profesional del área comercial en Bucaramanga. Perfil: 8 años de experiencia en el área. Formación: Negocios Internacionales. Experiencia reciente en Claro: Registro de actividades y pronósticos en Pipedrive. Experiencia previa en Seguros Bolívar: Elaboración de cotizaciones y propuestas comerciales. Prospección telefónica y visitas en campo.,8,Manejo de CRM,0
sel-ventas-047,ventas,Juliana Martínez López. Profesional del área comercial en Cali. Perfil: 9 años de experiencia en el área. Formación: Mercadeo y Ventas. Experiencia reciente en un concesionario de vehículos: Atención y fidelización de clientes. Elaboración de cotizaciones y propuestas comerciales. Experiencia previa en Postobón: Experiencia como ejecutivo comercial en ventas B2C de servicios financieros. Cierre de negocios y manejo de objeciones con clientes clave.,9,Experiencia en ventas B2B/B2C|Negociación,1
sel-marketing-034,marketing,Tomás Quintero López. Profesional en mercadeo digital en Bogotá. Perfil: 14 años de experiencia en el área. Formación: Mercadeo. Experiencia reciente en una tienda e-commerce: Planeación de parrillas de contenido para redes sociales. Coordinación con agencias creativas. Experiencia previa en Avianca: Redacción de copies y piezas para email marketing. Tableros de resultados en Looker Studio para la gerencia.,14,Gestión de redes sociales|Analítica web (Google Analytics),1
sel-ventas-023,ventas,Isabella Gómez Suárez. Profesional del área comercial en Bucaramanga. Perfil: 14 años de experiencia en el área. Formación: Mercadeo y Ventas. Experiencia reciente en una distribuidora de alimentos: Ventas B2B a cuentas corporativas con cumplimiento de cuotas de venta del 115%. Gestión de oportunidades y contactos en HubSpot CRM. Experiencia previa en Claro: Prospección telefónica y visitas en campo. Elaboración de cotizaciones y propuestas comerciales.,14,Experiencia en ventas B2B/B2C|Manejo de CRM,1
sel-fullstack-058,fullstack,Manuela Díaz Herrera. Profesional en ingeniería de software en Barranquilla. Perfil: 10 años de experiencia en el área. Formación: Ingeniería de Sistemas. Experiencia reciente en Accenture: Participación en revisiones de código y pair programming. Maquetación de interfaces dinámicas basadas en componentes reutilizables. Inglés intermedio (B2) para lectura de documentación técnica. Experiencia previa en Globant: Diseño de APIs REST con Node.js y Express. Programo a diario en JavaScript y TypeScript con buenas prácticas de tipado. Administración de esquemas en MySQL y migraciones.,10,JavaScript/TypeScript|React o similar|Node.js o backend equivalente|Bases de datos SQL/NoSQL,1
sel-marketing-022,marketing,Mariana Hernández Cárdenas. Profesional en marketing digital en Medellín. Perfil: 14 años de experiencia en el área. Formación: Publicidad. Experiencia reciente en Avianca: Community manager de marcas de consumo masivo en Instagram y TikTok. Coordinación con agencias creativas. Experiencia previa en una marca de cosméticos: Medí el comportamiento de los visitantes del sitio y reporté tasas de conversión. Redacción de copies y piezas para email marketing.,14,Gestión de redes sociales|Analítica web (Google Analytics),1
sel-fullstack-024,fullstack,Juliana Suárez López. Profesional en ingeniería de software en Bucaramanga. Perfil: 1 año de experiencia en el área. Formación: Ingeniería Electrónica. Experiencia reciente en una consultora de software: Uso de Git y GitHub para control de versiones. Inglés intermedio (B2) para lectura de documentación técnica. Desarrollo de SPAs con Vue.js y componentes reutilizables. Experiencia previa en Accenture: Desarrollo de servicios en Python con FastAPI y Django. Dominio de JavaScript moderno (ES6+) y TypeScript en proyectos productivos. Modelado de datos en PostgreSQL y consultas optimizadas.,1,JavaScript/TypeScript|React o similar|Node.js o backend equivalente|Bases de datos SQL/NoSQL,1
sel-marketing-036,marketing,Andrés Castro Moreno. Profesional en mercadeo digital en Cali. Perfil: 3 años de experiencia en el área. Formación: Diseño Gráfico. Experiencia reciente en Avianca: Pauta en Meta Ads y estrategia de social media. Gestión de influenciadores y alianzas de marca. Experiencia previa en una agencia digital: Redacción de copies y piezas para email marketing. Estrategias SEO on-page y off-page que duplicaron el tráfico orgánico.,3,SEO/SEM|Gestión de redes sociales,1
sel-fullstack-011,fullstack,Laura Moreno Rodríguez. Profesional en ingeniería de software en Manizales. Perfil: 5 años de experiencia en el área. Formación: Ingeniería Electrónica. Experiencia reciente en una startup fintech: Contenedores con Docker y despliegues continuos. Sin conocimientos de React por el momento. Experiencia previa en Bancolombia: Construcción de los servicios del lado del servidor que exponen la lógica de negocio. Inglés intermedio (B2) para lectura de documentación técnica.,5,Node.js o backend equivalente,0
sel-rrhh-054,rrhh,Sofía Pardo Castro. Profesional en gestión humana en Bucaramanga. Perfil: 3 años de experiencia en el área. Formación: Trabajo Social. Experiencia reciente en Colsubsidio: Estrategias de atracción de talento y headhunting para perfiles directivos. Experiencia previa en una clínica privada: Manejo de Excel avanzado y tablas dinámicas. Gestión de evaluaciones de desempeño anuales.,3,Gestión de procesos de selección,0
sel-marketing-031,marketing,Paula Rojas Suárez. Profesional en mercadeo digital en Cali. Perfil: 4 años de experiencia en el área. Formación: Diseño Gráfico. Experiencia reciente en una tienda e-commerce: Manejo de Canva y Adobe Photoshop. Gestión de campañas SEM en Google Ads con presupuesto mensual de USD 8.000. Experiencia previa en una agencia digital: Planeación de parrillas de contenido para redes sociales. Coordinación con agencias creativas. Tableros de resultados en Looker Studio para la gerencia.,4,SEO/SEM|Gestión de redes sociales|Analítica web (Google Analytics),1
sel-rrhh-013,rrhh,"Mateo Moreno Díaz. Profesional en gestión humana en Manizales. Perfil: 3 años de experiencia en el área. Formación: Psicología. Experiencia reciente en Grupo Éxito: Apoyo en programas de capacitación y onboarding. Organización de jornadas de bienestar laboral. Experiencia previa en una clínica privada: Reclutamiento y entrevistas por competencias para más de 200 vacantes al año. Cálculo de pagos quincenales, horas extra y aportes de los trabajadores. Comunicación asertiva con colaboradores y líderes de área.",3,Gestión de procesos de selección|Manejo de nómina|Comunicación interpersonal,1
sel-ventas-005,ventas,Mateo Salazar Torres. Profesional del área comercial en Pereira. Perfil: 4 años de experiencia en el área. Formación: Mercadeo y Ventas. Experiencia reciente en un concesionario de vehículos: Cierre de negocios y manejo de objeciones con clientes clave. Prospección telefónica y visitas en campo. Experiencia previa en Postobón: Venta consultiva de software a medianas empresas con metas comerciales mensuales. Seguimiento del embudo comercial en Salesforce. Elaboración de cotizaciones y propuestas comerciales.,4,Experiencia en ventas B2B/B2C|Manejo de CRM|Negociación,1
sel-fullstack-019,fullstack,Juan David Suárez Suárez. Profesional en desarrollo Full Stack en Cartagena. Perfil: 3 años de experiencia en el área. Formación: Ingeniería Electrónica. Experiencia reciente en Bancolombia: Construí interfaces con React y Next.js para un portal de clientes. Contenedores con Docker y despliegues continuos. Experiencia previa en una startup fintech: Trabajo bajo metodologías ágiles (Scrum y Kanban). Uso de MongoDB y Redis para cachés y documentos. Diseño de APIs REST con Node.js y Express.,3,React o similar|Node.js o backend equivalente|Bases de datos SQL/NoSQL,1
sel-rrhh-041,rrhh,"Felipe Salazar Mejía. Profesional de Talento Humano en Manizales. Perfil: 6 años de experiencia en el área. Formación: Especialización en Gestión Humana. Experiencia reciente en una caja de compensación: Manejo de nómina, seguridad social y prestaciones sociales. Organización de jornadas de bienestar laboral. Experiencia previa en Grupo Éxito: Estrategias de atracción de talento y headhunting para perfiles directivos. Apoyo en programas de capacitación y onboarding.",6,Gestión de procesos de selección|Manejo de nómina,1
sel-marketing-050,marketing,Andrés Salazar Ramírez. Profesional en mercadeo digital en Medellín. Perfil: 2 años de experiencia en el área. Formación: Mercadeo. Experiencia reciente en Avianca: Coordinación con agencias creativas. Experiencia previa en una agencia digital: Manejo de Canva y Adobe Photoshop.,2,,0
sel-ventas-017,ventas,Santiago Jiménez Castro. Profesional en ventas en Cali. Perfil: 9 años de experiencia en el área. Formación: Negocios Internacionales. Experiencia reciente en Claro: Orientación al logro y trabajo bajo presión. Experiencia como ejecutivo comercial en ventas B2C de servicios financieros. Experiencia previa en Siemens: Negociación de contratos anuales con grandes superficies. Seguimiento del embudo comercial en Salesforce. Licencia de conducción y disponibilidad para viajar.,9,Experiencia en ventas B2B/B2C|Manejo de CRM|Negociación,1
sel-ventas-011,ventas,Daniela Ospina Salazar. Profesional en ventas en Bucaramanga. Perfil: 2 años de experiencia en el área. Formación: Administración de Empresas. Experiencia reciente en Siemens: Acordé descuentos y plazos de pago con distribuidores regionales. Elaboración de cotizaciones y propuestas comerciales. Experiencia previa en Postobón: Venta consultiva de software a medianas empresas con metas comerciales mensuales. Orientación al logro y trabajo bajo presión. Seguimiento del embudo comercial en Salesforce.,2,Experiencia en ventas B2B/B2C|Manejo de CRM|Negociación,1
sel-marketing-012,marketing,Laura Moreno Cárdenas. Profesional en marketing digital en Pereira. Perfil: 2 años de experiencia en el área. Formación: Comunicación Social. Experiencia reciente en una marca de cosméticos: Coordinación con agencias creativas. Experiencia previa en Juan Valdez: Gestión de influenciadores y alianzas de marca.,2,,0
sel-fullstack-007,fullstack,Sofía Rodríguez Gómez. Profesional en ingeniería de software en Bogotá. Perfil: 3 años de experiencia en el área. Formación: Ingeniería de Sistemas. Experiencia reciente en una startup fintech: Dominio de JavaScript moderno (ES6+) y TypeScript en proyectos productivos. Uso de MongoDB y Redis para cachés y documentos. Experiencia previa en una consultora de software: Inglés intermedio (B2) para lectura de documentación técnica. Trabajo bajo metodologías ágiles (Scrum y Kanban). Desarrollo de SPAs con Vue.js y componentes reutilizables.,3,JavaScript/TypeScript|React o similar|Bases de datos SQL/NoSQL,1
sel-fullstack-020,fullstack,Catalina Vargas Ortiz. Profesional en ingeniería de software en Cali. Perfil: 11 años de experiencia en el área. Formación: Ingeniería de Software. Experiencia reciente en Rappi: Inglés intermedio (B2) para lectura de documentación técnica. Construí interfaces con React y Next.js para un portal de clientes. Experiencia previa en Bancolombia: Desarrollo de módulos en TypeScript con pruebas unitarias en Jest. Modelado de datos en PostgreSQL y consultas optimizadas. Contenedores con Docker y despliegues continuos.,11,JavaScript/TypeScript|React o similar|Bases de datos SQL/NoSQL,1
sel-marketing-018,marketing,Luisa Vargas Gómez. Profesional en marketing digital en Pereira. Perfil: 4 años de experiencia en el área. Formación: Publicidad. Experiencia reciente en Avianca: Inglés intermedio para campañas regionales. Experiencia previa en una marca de cosméticos: Gestión de influenciadores y alianzas de marca.,4,,0
sel-marketing-047,marketing,Mateo Pardo Pardo. Profesional en mercadeo digital en Cali. Perfil: 12 años de experiencia en el área. Formación: Mercadeo. Experiencia reciente en una marca de cosméticos: Estrategias SEO on-page y off-page que duplicaron el tráfico orgánico. Inglés intermedio para campañas regionales. Experiencia previa en Avianca: Gestión de influenciadores y alianzas de marca. Tableros de resultados en Looker Studio para la gerencia. Pauta en Meta Ads y estrategia de social media.,12,SEO/SEM|Gestión de redes sociales|Analítica web (Google Analytics),1
sel-marketing-009,marketing,Alejandro Torres Salazar. Profesional en marketing digital en Medellín. Perfil: 4 años de experiencia en el área. Formación: Comunicación Social. Experiencia reciente en Juan Valdez: Gestión de campañas SEM en Google Ads con presupuesto mensual de USD 8.000. Experiencia previa en Falabella: Coordinación con agencias creativas. Redacción de copies y piezas para email marketing.,4,SEO/SEM,0
sel-rrhh-029,rrhh,Diego Salazar Salazar. Profesional de Talento Humano en Cali. Perfil: 7 años de experiencia en el área. Formación: Psicología. Experiencia reciente en Colsubsidio: Gestión de evaluaciones de desempeño anuales. Experiencia previa en una clínica privada: Escucha activa en procesos de acompañamiento a empleados. Manejo de Excel avanzado y tablas dinámicas.,7,Comunicación interpersonal,0
sel-rrhh-034,rrhh,Alejandro Rojas Ramírez. Profesional en gestión humana en Manizales. Perfil: 2 años de experiencia en el área. Formación: Psicología. Experiencia reciente en una caja de compensación: Fuertes relaciones interpersonales y manejo de conflictos. Apoyo en programas de capacitación y onboarding. Experiencia previa en Colsubsidio: Lideré procesos de selección de personal para cargos operativos y administrativos. Elaboración de la planilla PILA y novedades de nómina. Gestión de evaluaciones de desempeño anuales.,2,Gestión de procesos de selección|Manejo de nómina|Comunicación interpersonal,1
sel-fullstack-021,fullstack,Paula Jiménez Salazar. Profesional en ingeniería de software en Pereira. Perfil: 9 años de experiencia en el área. Formación: Ingeniería de Sistemas. Experiencia reciente en Globant: Dominio de JavaScript moderno (ES6+) y TypeScript en proyectos productivos. Inglés intermedio (B2) para lectura de documentación técnica. Experiencia previa en una startup fintech: Desarrollo de SPAs con Vue.js y componentes reutilizables. Trabajo bajo metodologías ágiles (Scrum y Kanban).,9,JavaScript/TypeScript|React o similar,0
sel-ventas-051,ventas,Andrés Mejía Rodríguez. Profesional del área comercial en Pereira. Perfil: 4 años de experiencia en el área. Formación: Mercadeo y Ventas. Experiencia reciente en Claro: Licencia de conducción y disponibilidad para viajar. Experiencia previa en una distribuidora de alimentos: Gestión de oportunidades y contactos en HubSpot CRM. Prospección telefónica y visitas en campo.,4,Manejo de CRM,0
sel-ventas-057,ventas,Samuel Vargas Suárez. Profesional en ventas en Cartagena. Perfil: 15 años de experiencia en el área. Formación: Administración de Empresas. Experiencia reciente en Seguros Bolívar: Licencia de conducción y disponibilidad para viajar. Prospección telefónica y visitas en campo. Experiencia previa en Claro: Negociación de contratos anuales con grandes superficies. Ventas B2B a cuentas corporativas con cumplimiento de cuotas de venta del 115%. Seguimiento del embudo comercial en Salesforce.,15,Experiencia en ventas B2B/B2C|Manejo de CRM|Negociación,1
sel-ventas-042,ventas,Isabella Moreno Rojas. Profesional en ventas en Bogotá. Perfil: 10 años de experiencia en el área. Formación: Negocios Internacionales. Experiencia reciente en Claro: Negociación de contratos anuales con grandes superficies. Elaboración de cotizaciones y propuestas comerciales. Experiencia previa en un concesionario de vehículos: Prospección telefónica y visitas en campo. Registro de actividades y pronósticos en Pipedrive. Venta consultiva de software a medianas empresas con metas comerciales mensuales.,10,Experiencia en ventas B2B/B2C|Manejo de CRM|Negociación,1
sel-rrhh-026,rrhh,Felipe Martínez Suárez. Profesional en gestión humana en Bucaramanga. Perfil: 6 años de experiencia en el área. Formación: Administración de Empresas. Experiencia reciente en Alpina: Escucha activa en procesos de acompañamiento a empleados. Liquidación de nómina quincenal para 350 empleados. Experiencia previa en Colsubsidio: Apoyo en programas de capacitación y onboarding. Gestión de evaluaciones de desempeño anuales. Reclutamiento y entrevistas por competencias para más de 200 vacantes al año.,6,Gestión de procesos de selección|Manejo de nómina|Comunicación interpersonal,1
sel-rrhh-047,rrhh,Mariana Castro Quintero. Profesional en gestión humana en Cali. Perfil: 5 años de experiencia en el área. Formación: Psicología. Experiencia reciente en una caja de compensación: Liquidación de nómina quincenal para 350 empleados. Organización de jornadas de bienestar laboral. Experiencia previa en una empresa de servicios temporales: Facilité espacios de diálogo entre equipos y mediación entre compañeros. Estrategias de atracción de talento y headhunting para perfiles directivos. Gestión de evaluaciones de desempeño anuales.,5,Gestión de procesos de selección|Manejo de nómina|Comunicación interpersonal,1
sel-marketing-021,marketing,Santiago Hernández Rojas. Profesional en marketing digital en Pereira. Perfil: 5 años de experiencia en el área. Formación: Publicidad. Experiencia reciente en Juan Valdez: Gestión de influenciadores y alianzas de marca. Planeación de parrillas de contenido para redes sociales. Experiencia previa en una marca de cosméticos: Estrategias SEO on-page y off-page que duplicaron el tráfico orgánico. Redacción de copies y piezas para email marketing.,5,SEO/SEM|Gestión de redes sociales,1
sel-marketing-057,marketing,Julián García Salazar. Profesional en mercadeo digital en Bucaramanga. Perfil: 8 años de experiencia en el área. Formación: Comunicación Social. Experiencia reciente en Avianca: Planeación de parrillas de contenido para redes sociales. Gestión de influenciadores y alianzas de marca. Experiencia previa en Juan Valdez: Gestión de campañas SEM en Google Ads con presupuesto mensual de USD 8.000. Redacción de copies y piezas para email marketing.,8,SEO/SEM|Gestión de redes sociales,1
sel-rrhh-051,rrhh,Gabriela Jiménez Díaz. Profesional en gestión humana en Bucaramanga. Perfil: 5 años de experiencia en el área. Formación: Trabajo Social. Experiencia reciente en Alpina: Apoyo en programas de capacitación y onboarding. Organización de jornadas de bienestar laboral. Experiencia previa en Grupo Éxito: Liquidación de nómina quincenal para 350 empleados. Escucha activa en procesos de acompañamiento a empleados.,5,Manejo de nómina|Comunicación interpersonal,1
sel-ventas-016,ventas,Miguel Ángel Rojas Ramírez. Profesional en ventas en Pereira. Perfil: 9 años de experiencia en el área. Formación: Administración de Empresas. Experiencia reciente en Postobón: Atención y fidelización de clientes. Licencia de conducción y disponibilidad para viajar. Experiencia previa en una distribuidora de alimentos: Ventas B2B a cuentas corporativas con cumplimiento de cuotas de venta del 115%. Registro de actividades y pronósticos en Pipedrive. Acordé descuentos y plazos de pago con distribuidores regionales.,9,Experiencia en ventas B2B/B2C|Manejo de CRM|Negociación,1
sel-fullstack-009,fullstack,Nicolás Jiménez García. Profesional en ingeniería de software en Medellín. Perfil: 13 años de experiencia en el área. Formación: Tecnología en Desarrollo de Software. Experiencia reciente en Rappi: Diseño de APIs REST con Node.js y Express. Contenedores con Docker y despliegues continuos. Desarrollo de módulos en TypeScript con pruebas unitarias en Jest. Experiencia previa en Bancolombia: Construí interfaces con React y Next.js para un portal de clientes. Participación en revisiones de código y pair programming. Diseño del modelo relacional y optimización de consultas con índices.,13,JavaScript/TypeScript|React o similar|Node.js o backend equivalente|Bases de datos SQL/NoSQL,1
sel-rrhh-020,rrhh,Carlos Ramírez Restrepo. Profesional en gestión humana en Bogotá. Perfil: 13 años de experiencia en el área. Formación: Administración de Empresas. Experiencia reciente en una empresa de servicios temporales: Gestión de evaluaciones de desempeño anuales. Experiencia previa en Colsubsidio: Manejo de Excel avanzado y tablas dinámicas. Lideré procesos de selección de personal para cargos operativos y administrativos.,13,Gestión de procesos de selección,0
sel-fullstack-003,fullstack,Catalina López Gómez. Profesional en desarrollo Full Stack en Cartagena. Perfil: 7 años de experiencia en el área. Formación: Tecnología en Desarrollo de Software. Experiencia reciente en Accenture: Programo a diario en JavaScript y TypeScript con buenas prácticas de tipado. Experiencia previa en Bancolombia: Participación en revisiones de código y pair programming. Contenedores con Docker y despliegues continuos.,7,JavaScript/TypeScript,0
sel-ventas-004,ventas,Manuela García Ramírez. Profesional en ventas en Cartagena. Perfil: 12 años de experiencia en el área. Formación: Administración de Empresas. Experiencia reciente en un concesionario de vehículos: Ventas B2B a cuentas corporativas con cumplimiento de cuotas de venta del 115%. Habilidades de negociación de precios y condiciones comerciales. Experiencia previa en Postobón: Orientación al logro y trabajo bajo presión. Licencia de conducción y disponibilidad para viajar.,12,Experiencia en ventas B2B/B2C|Negociación,1
sel-ventas-014,ventas,Santiago Martínez Quintero. Profesional del área comercial en Cali. Perfil: 8 años de experiencia en el área. Formación: Tecnología en Gestión Comercial. Experiencia reciente en Seguros Bolívar: Negociación de contratos anuales con grandes superficies. Elaboración de cotizaciones y propuestas comerciales. Experiencia previa en un concesionario de vehículos: Prospección telefónica y visitas en campo. Gestión de oportunidades y contactos en HubSpot CRM.,8,Manejo de CRM|Negociación,1
sel-ventas-032,ventas,Esteban Restrepo Castro. Profesional del área comercial en Bogotá. Perfil: 12 años de experiencia en el área. Formación: Tecnología en Gestión Comercial. Experiencia reciente en un concesionario de vehículos: Licencia de conducción y disponibilidad para viajar. Experiencia previa en Seguros Bolívar: Prospección telefónica y visitas en campo. No maneja CRM; llevaba los clientes en una libreta.,12,,0
sel-marketing-048,marketing,Mateo Torres Torres. Profesional en mercadeo digital en Pereira. Perfil: 1 año de experiencia en el área. Formación: Publicidad. Experiencia reciente en Falabella: Community manager de marcas de consumo masivo en Instagram y TikTok. Experiencia previa en una agencia digital: Gestión de influenciadores y alianzas de marca. Coordinación con agencias creativas.,1,Gestión de redes sociales,0
sel-fullstack-001,fullstack,Catalina Cárdenas Jiménez. Profesional en desarrollo Full Stack en Medellín. Perfil: 15 años de experiencia en el área. Formación: Ingeniería de Sistemas. Experiencia reciente en Accenture: Construí interfaces con React y Next.js para un portal de clientes. Trabajo bajo metodologías ágiles (Scrum y Kanban). Experiencia previa en una consultora de software: Desarrollo de servicios en Python con FastAPI y Django. Participación en revisiones de código y pair programming. Uso de MongoDB y Redis para cachés y documentos.,15,React o similar|Node.js o backend equivalente|Bases de datos SQL/NoSQL,1
sel-fullstack-035,fullstack,Mateo Gómez Hernández. Profesional en desarrollo Full Stack en Bogotá. Perfil: 8 años de experiencia en el área. Formación: Tecnología en Desarrollo de Software. Experiencia reciente en Accenture: Mantenimiento de una aplicación web en Angular con más de 40 vistas. Trabajo bajo metodologías ágiles (Scrum y Kanban). Experiencia previa en Globant: Participación en revisiones de código y pair programming. Diseño de APIs REST con Node.js y Express. Desarrollo de módulos en TypeScript con pruebas unitarias en Jest.,8,JavaScript/TypeScript|React o similar|Node.js o backend equivalente,1
sel-marketing-027,marketing,Daniela Ospina Torres. Profesional en mercadeo digital en Bucaramanga. Perfil: 0 años de experiencia en el área. Formación: Mercadeo. Experiencia reciente en una agencia digital: Manejo de Canva y Adobe Photoshop. Experiencia previa en Juan Valdez: Inglés intermedio para campañas regionales.,0,,0
sel-marketing-030,marketing,Camila Torres Suárez. Profesional en mercadeo digital en Medellín. Perfil: 2 años de experiencia en el área. Formación: Publicidad. Experiencia reciente en Falabella: Gestión de campañas SEM en Google Ads con presupuesto mensual de USD 8.000. Gestión de influenciadores y alianzas de marca. Experiencia previa en una tienda e-commerce: Community manager de marcas de consumo masivo en Instagram y TikTok. Analítica web y reportes de embudo de conversión. Manejo de Canva y Adobe Photoshop.,2,SEO/SEM|Gestión de redes sociales|Analítica web (Google Analytics),1
sel-rrhh-037,rrhh,Felipe Pardo Jiménez. Profesional en gestión humana en Cartagena. Perfil: 3 años de experiencia en el área. Formación: Trabajo Social. Experiencia reciente en una empresa de servicios temporales: Fuertes relaciones interpersonales y manejo de conflictos. Experiencia previa en Grupo Éxito: Apoyo en programas de capacitación y onboarding. Manejo de Excel avanzado y tablas dinámicas.,3,Comunicación interpersonal,0
sel-rrhh-012,rrhh,"Daniela Restrepo Castro. Profesional en gestión humana en Barranquilla. Perfil: 4 años de experiencia en el área. Formación: Trabajo Social. Experiencia reciente en una clínica privada: Gestión de evaluaciones de desempeño anuales. Organización de jornadas de bienestar laboral. Experiencia previa en Grupo Éxito: Lideré procesos de selección de personal para cargos operativos y administrativos. Fuertes relaciones interpersonales y manejo de conflictos. Manejo de nómina, seguridad social y prestaciones sociales.",4,Gestión de procesos de selección|Manejo de nómina|Comunicación interpersonal,1
sel-rrhh-048,rrhh,Esteban Moreno Ramírez. Profesional en gestión humana en Pereira. Perfil: 7 años de experiencia en el área. Formación: Trabajo Social. Experiencia reciente en una empresa de servicios temporales: Manejo de Excel avanzado y tablas dinámicas. Elaboración de la planilla PILA y novedades de nómina. Experiencia previa en Grupo Éxito: Apoyo en programas de capacitación y onboarding. Escucha activa en procesos de acompañamiento a empleados.,7,Manejo de nómina|Comunicación interpersonal,1
sel-rrhh-040,rrhh,Miguel Ángel Castro Cárdenas. Profesional de Talento Humano en Barranquilla. Perfil: 3 años de experiencia en el área. Formación: Administración de Empresas. Experiencia reciente en Grupo Éxito: Conocimiento del Código Sustantivo del Trabajo. Experiencia previa en Alpina: Apoyo en programas de capacitación y onboarding.,3,,0
sel-ventas-020,ventas,Natalia Ortiz Pardo. Profesional en ventas en Bogotá. Perfil: 3 años de experiencia en el área. Formación: Tecnología en Gestión Comercial. Experiencia reciente en Postobón: Prospección telefónica y visitas en campo. Experiencia previa en una distribuidora de alimentos: Licencia de conducción y disponibilidad para viajar.,3,,0
sel-rrhh-006,rrhh,Luisa Cárdenas Pardo. Profesional de Talento Humano en Cartagena. Perfil: 4 años de experiencia en el área. Formación: Trabajo Social. Experiencia reciente en Alpina: Conocimiento del Código Sustantivo del Trabajo. Experiencia previa en Colsubsidio: Apoyo en programas de capacitación y onboarding.,4,,0
sel-fullstack-041,fullstack,Samuel Quintero Ospina. Profesional en desarrollo Full Stack en Barranquilla. Perfil: 12 años de experiencia en el área. Formación: Ingeniería de Sistemas. Experiencia reciente en Rappi: Inglés intermedio (B2) para lectura de documentación técnica. Mantenimiento de una aplicación web en Angular con más de 40 vistas. Experiencia previa en una consultora de software: Diseño de APIs REST con Node.js y Express. Participación en revisiones de código y pair programming. Uso de MongoDB y Redis para cachés y documentos.,12,React o similar|Node.js o backend equivalente|Bases de datos SQL/NoSQL,1
sel-marketing-024,marketing,Julián Torres Rojas. Profesional en mercadeo digital en Cartagena. Perfil: 15 años de experiencia en el área. Formación: Comunicación Social. Experiencia reciente en una tienda e-commerce: Gestión de campañas SEM en Google Ads con presupuesto mensual de USD 8.000. Experiencia previa en una marca de cosméticos: Coordinación con agencias creativas. Manejo de Canva y Adobe Photoshop.,15,SEO/SEM,0
sel-marketing-004,marketing,Tomás Castro Ramírez. Profesional en mercadeo digital en Cartagena. Perfil: 8 años de experiencia en el área. Formación: Publicidad. Experiencia reciente en una tienda e-commerce: Manejo de Canva y Adobe Photoshop. Community manager de marcas de consumo masivo en Instagram y TikTok. Experiencia previa en una agencia digital: Redacción de copies y piezas para email marketing. Medición de conversiones con Google Analytics 4 (GA4) y Tag Manager.,8,Gestión de redes sociales|Analítica web (Google Analytics),1
sel-fullstack-015,fullstack,Tomás Rojas Salazar. Profesional en ingeniería de software en Barranquilla. Perfil: 1 año de experiencia en el área. Formación: Ingeniería de Sistemas. Experiencia reciente en Bancolombia: Implementación de microservicios en NestJS desplegados en AWS. Experiencia previa en Rappi: Contenedores con Docker y despliegues continuos. Trabajo bajo metodologías ágiles (Scrum y Kanban).,1,Node.js o backend equivalente,0
sel-marketing-026,marketing,Manuela Mejía Salazar. Profesional en mercadeo digital en Bogotá. Perfil: 14 años de experiencia en el área. Formación: Publicidad. Experiencia reciente en Falabella: Manejo de Canva y Adobe Photoshop. Experiencia previa en una marca de cosméticos: Estrategias SEO on-page y off-page que duplicaron el tráfico orgánico. Redacción de copies y piezas para email marketing.,14,SEO/SEM,0
sel-fullstack-054,fullstack,Sebastián Moreno Ospina. Profesional en desarrollo Full Stack en Pereira. Perfil: 9 años de experiencia en el área. Formación: Tecnología en Desarrollo de Software. Experiencia reciente en una consultora de software: Modelado de datos en PostgreSQL y consultas optimizadas. Contenedores con Docker y despliegues continuos. Experiencia previa en Globant: Participación en revisiones de código y pair programming. Programo a diario en JavaScript y TypeScript con buenas prácticas de tipado.,9,JavaScript/TypeScript|Bases de datos SQL/NoSQL,0
sel-ventas-002,ventas,Valentina López Vargas. Profesional en ventas en Bogotá. Perfil: 9 años de experiencia en el área. Formación: Tecnología en Gestión Comercial. Experiencia reciente en una distribuidora de alimentos: Licencia de conducción y disponibilidad para viajar. Experiencia previa en Claro: Seguimiento del embudo comercial en Salesforce. Atención y fidelización de clientes.,9,Manejo de CRM,0
sel-rrhh-035,rrhh,"Catalina Martínez Mejía. Profesional en gestión humana en Manizales. Perfil: 12 años de experiencia en el área. Formación: Trabajo Social. Experiencia reciente en una empresa de servicios temporales: Manejo de nómina, seguridad social y prestaciones sociales. Experiencia previa en Alpina: Manejo de Excel avanzado y tablas dinámicas. Apoyo en programas de capacitación y onboarding.",12,Manejo de nómina,0
sel-ventas-041,ventas,Samuel Herrera García. Profesional en ventas en Cartagena. Perfil: 1 año de experiencia en el área. Formación: Mercadeo y Ventas. Experiencia reciente en Postobón: Elaboración de cotizaciones y propuestas comerciales. Experiencia como ejecutivo comercial en ventas B2C de servicios financieros. Experiencia previa en Seguros Bolívar: Registro de actividades y pronósticos en Pipedrive. Licencia de conducción y disponibilidad para viajar.,1,Experiencia en ventas B2B/B2C|Manejo de CRM,1
sel-marketing-042,marketing,Isabella Restrepo Pardo. Profesional en mercadeo digital en Manizales. Perfil: 2 años de experiencia en el área. Formación: Comunicación Social. Experiencia reciente en una marca de cosméticos: Gestión de influenciadores y alianzas de marca. Experiencia previa en una agencia digital: Medición de conversiones con Google Analytics 4 (GA4) y Tag Manager. Coordinación con agencias creativas.,2,Analítica web (Google Analytics),0
sel-fullstack-059,fullstack,Manuela Rodríguez Castro. Profesional en ingeniería de software en Manizales. Perfil: 10 años de experiencia en el área. Formación: Ingeniería Electrónica. Experiencia reciente en Rappi: Administración de esquemas en MySQL y migraciones. Experiencia previa en Bancolombia: Inglés intermedio (B2) para lectura de documentación técnica. Trabajo bajo metodologías ágiles (Scrum y Kanban).,10,Bases de datos SQL/NoSQL,0
sel-fullstack-031,fullstack,Diego Salazar Cárdenas. Profesional en ingeniería de software en Medellín. Perfil: 12 años de experiencia en el área. Formación: Ingeniería Electrónica. Experiencia reciente en una consultora de software: Uso de MongoDB y Redis para cachés y documentos. Diseño de APIs REST con Node.js y Express. Experiencia previa en Globant: Uso de Git y GitHub para control de versiones. Mantenimiento de una aplicación web en Angular con más de 40 vistas. Inglés intermedio (B2) para lectura de documentación técnica.,12,React o similar|Node.js o backend equivalente|Bases de datos SQL/NoSQL,1
sel-marketing-011,marketing,Laura Martínez Rodríguez. Profesional en mercadeo digital en Medellín. Perfil: 15 años de experiencia en el área. Formación: Comunicación Social. Experiencia reciente en una marca de cosméticos: Gestión de influenciadores y alianzas de marca. Planeación de parrillas de contenido para redes sociales. Experiencia previa en Avianca: Redacción de copies y piezas para email marketing. Estrategias SEO on-page y off-page que duplicaron el tráfico orgánico. Medición de conversiones con Google Analytics 4 (GA4) y Tag Manager.,15,SEO/SEM|Gestión de redes sociales|Analítica web (Google Analytics),1
sel-fullstack-043,fullstack,Juan David Herrera Rojas. Profesional en desarrollo Full Stack en Cali. Perfil: 12 años de experiencia en el área. Formación: Ingeniería de Software. Experiencia reciente en una consultora de software: Diseño de APIs REST con Node.js y Express. Uso de Git y GitHub para control de versiones. Inglés intermedio (B2) para lectura de documentación técnica. Experiencia previa en Bancolombia: Administración de esquemas en MySQL y migraciones. Construí interfaces con React y Next.js para un portal de clientes. Dominio de JavaScript moderno (ES6+) y TypeScript en proyectos productivos.,12,JavaScript/TypeScript|React o similar|Node.js o backend equivalente|Bases de datos SQL/NoSQL,1
sel-marketing-041,marketing,Diego Quintero Martínez. Profesional en marketing digital en Pereira. Perfil: 14 años de experiencia en el área. Formación: Publicidad. Experiencia reciente en Avianca: Administré las cuentas oficiales de la marca y respondí a la comunidad digital. Gestión de campañas SEM en Google Ads con presupuesto mensual de USD 8.000. Experiencia previa en Juan Valdez: Coordinación con agencias creativas. Tableros de resultados en Looker Studio para la gerencia. Inglés intermedio para campañas regionales.,14,SEO/SEM|Gestión de redes sociales|Analítica web (Google Analytics),1
sel-ventas-022,ventas,Luisa Suárez Torres. Profesional en ventas en Bogotá. Perfil: 10 años de experiencia en el área. Formación: Administración de Empresas. Experiencia reciente en Postobón: Elaboración de cotizaciones y propuestas comerciales. Experiencia previa en una distribuidora de alimentos: Atención y fidelización de clientes.,10,,0
sel-fullstack-037,fullstack,Gabriela Rodríguez Rojas. Profesional en desarrollo Full Stack en Barranquilla. Perfil: 5 años de experiencia en el área. Formación: Ingeniería de Software. Experiencia reciente en Accenture: Administración de esquemas en MySQL y migraciones. Implementación de microservicios en NestJS desplegados en AWS. Experiencia previa en una startup fintech: Trabajo bajo metodologías ágiles (Scrum y Kanban). Uso de Git y GitHub para control de versiones. Mantenimiento de una aplicación web en Angular con más de 40 vistas.,5,React o similar|Node.js o backend equivalente|Bases de datos SQL/NoSQL,1
sel-marketing-007,marketing,Nicolás Herrera Restrepo. Profesional en mercadeo digital en Medellín. Perfil: 15 años de experiencia en el área. Formación: Publicidad. Experiencia reciente en Falabella: Medición de conversiones con Google Analytics 4 (GA4) y Tag Manager. Logré que el sitio apareciera en los primeros resultados de búsqueda para términos clave. Experiencia previa en una marca de cosméticos: Manejo de Canva y Adobe Photoshop. Community manager de marcas de consumo masivo en Instagram y TikTok. Redacción de copies y piezas para email marketing.,15,SEO/SEM|Gestión de redes sociales|Analítica web (Google Analytics),1
sel-rrhh-045,rrhh,Juan David Herrera Pardo. Profesional de Talento Humano en Medellín. Perfil: 7 años de experiencia en el área. Formación: Especialización en Gestión Humana. Experiencia reciente en Alpina: Apoyo en programas de capacitación y onboarding. Fuertes relaciones interpersonales y manejo de conflictos. Experiencia previa en Grupo Éxito: Sin experiencia en reclutamiento; mi experiencia es en archivo documental. Gestión de evaluaciones de desempeño anuales.,7,Comunicación interpersonal,0
sel-fullstack-028,fullstack,"Ana María Torres López. Profesional en desarrollo Full Stack en Bogotá. Perfil: 4 años de experiencia en el área. Formación: Tecnología en Desarrollo de Software. Experiencia reciente en Rappi: Mantenimiento de una aplicación web en Angular con más de 40 vistas. Implementación de microservicios en NestJS desplegados en AWS. Inglés intermedio (B2) para lectura de documentación técnica. Experiencia previa en Accenture: Trabajo bajo metodologías ágiles (Scrum y Kanban). Modelado de datos en PostgreSQL y consultas optimizadas. Actualmente sin experiencia en JavaScript, aunque planeo estudiarlo.",4,React o similar|Node.js o backend equivalente|Bases de datos SQL/NoSQL,1
sel-fullstack-005,fullstack,Ana María Suárez Vargas. Profesional en desarrollo Full Stack en Cali. Perfil: 8 años de experiencia en el área. Formación: Tecnología en Desarrollo de Software. Experiencia reciente en una consultora de software: Trabajo bajo metodologías ágiles (Scrum y Kanban). Inglés intermedio (B2) para lectura de documentación técnica. Experiencia previa en Bancolombia: Programo a diario en JavaScript y TypeScript con buenas prácticas de tipado. Modelado de datos en PostgreSQL y consultas optimizadas.,8,JavaScript/TypeScript|Bases de datos SQL/NoSQL,0
sel-marketing-053,marketing,Natalia Jiménez Martínez. Profesional en mercadeo digital en Cartagena. Perfil: 8 años de experiencia en el área. Formación: Comunicación Social. Experiencia reciente en una marca de cosméticos: Medición de conversiones con Google Analytics 4 (GA4) y Tag Manager. Manejo de Canva y Adobe Photoshop. Experiencia previa en Juan Valdez: Community manager de marcas de consumo masivo en Instagram y TikTok. Redacción de copies y piezas para email marketing. Gestión de campañas SEM en Google Ads con presupuesto mensual de USD 8.000.,8,SEO/SEM|Gestión de redes sociales|Analítica web (Google Analytics),1
sel-fullstack-023,fullstack,Mariana Torres Díaz. Profesional en desarrollo Full Stack en Bucaramanga. Perfil: 3 años de experiencia en el área. Formación: Ingeniería de Software. Experiencia reciente en Bancolombia: Dominio de JavaScript moderno (ES6+) y TypeScript en proyectos productivos. Diseño de APIs REST con Node.js y Express. Uso de MongoDB y Redis para cachés y documentos. Experiencia previa en Accenture: Uso de Git y GitHub para control de versiones. Participación en revisiones de código y pair programming. Mantenimiento de una aplicación web en Angular con más de 40 vistas.,3,JavaScript/TypeScript|React o similar|Node.js o backend equivalente|Bases de datos SQL/NoSQL,1
sel-ventas-007,ventas,Santiago García Quintero. Profesional del área comercial en Pereira. Perfil: 11 años de experiencia en el área. Formación: Tecnología en Gestión Comercial. Experiencia reciente en Postobón: Negociación de contratos anuales con grandes superficies. Prospección telefónica y visitas en campo. Experiencia previa en Siemens: Atención y fidelización de clientes. Venta consultiva de software a medianas empresas con metas comerciales mensuales.,11,Experiencia en ventas B2B/B2C|Negociación,1
sel-rrhh-044,rrhh,"Miguel Ángel Salazar Suárez. Profesional de Talento Humano en Cali. Perfil: 5 años de experiencia en el área. Formación: Trabajo Social. Experiencia reciente en una caja de compensación: Organización de jornadas de bienestar laboral. Manejo de nómina, seguridad social y prestaciones sociales. Experiencia previa en una empresa de servicios temporales: Apoyo en programas de capacitación y onboarding. Sin experiencia en reclutamiento; mi experiencia es en archivo documental.",5,Manejo de nómina,0
sel-marketing-008,marketing,Santiago Restrepo Ospina. Profesional en mercadeo digital en Manizales. Perfil: 6 años de experiencia en el área. Formación: Diseño Gráfico. Experiencia reciente en Avianca: Manejo de Canva y Adobe Photoshop. Experiencia previa en una tienda e-commerce: Inglés intermedio para campañas regionales.,6,,0
sel-ventas-013,ventas,Carlos Cárdenas Cárdenas. Profesional del área comercial en Pereira. Perfil: 14 años de experiencia en el área. Formación: Administración de Empresas. Experiencia reciente en Seguros Bolívar: Cierre de negocios y manejo de objeciones con clientes clave. Elaboración de cotizaciones y propuestas comerciales. Experiencia previa en un concesionario de vehículos: Prospección telefónica y visitas en campo. Registro de actividades y pronósticos en Pipedrive.,14,Manejo de CRM|Negociación,1
sel-fullstack-027,fullstack,Laura Restrepo Quintero. Profesional en desarrollo Full Stack en Cali. Perfil: 4 años de experiencia en el área. Formación: Tecnología en Desarrollo de Software. Experiencia reciente en Bancolombia: Inglés intermedio (B2) para lectura de documentación técnica. Experiencia previa en Rappi: Sin conocimientos de React por el momento. Participación en revisiones de código y pair programming.,4,,0
sel-fullstack-008,fullstack,Santiago Salazar Restrepo. Profesional en ingeniería de software en Cartagena. Perfil: 5 años de experiencia en el área. Formación: Ingeniería de Software. Experiencia reciente en Globant: Programo a diario en JavaScript y TypeScript con buenas prácticas de tipado. Inglés intermedio (B2) para lectura de documentación técnica. Experiencia previa en una startup fintech: Desarrollo de servicios en Python con FastAPI y Django. Modelado de datos en PostgreSQL y consultas optimizadas. Trabajo bajo metodologías ágiles (Scrum y Kanban).,5,JavaScript/TypeScript|Node.js o backend equivalente|Bases de datos SQL/NoSQL,1
sel-rrhh-015,rrhh,Natalia Castro Herrera. Profesional de Talento Humano en Pereira. Perfil: 6 años de experiencia en el área. Formación: Administración de Empresas. Experiencia reciente en una caja de compensación: Gestión de evaluaciones de desempeño anuales. Experiencia previa en Colsubsidio: Manejo de Excel avanzado y tablas dinámicas.,6,,0
sel-marketing-023,marketing,Felipe Jiménez Mejía. Profesional en mercadeo digital en Manizales. Perfil: 12 años de experiencia en el área. Formación: Diseño Gráfico. Experiencia reciente en una marca de cosméticos: Gestión de campañas SEM en Google Ads con presupuesto mensual de USD 8.000. Gestión de influenciadores y alianzas de marca. Experiencia previa en Juan Valdez: Medición de conversiones con Google Analytics 4 (GA4) y Tag Manager. Community manager de marcas de consumo masivo en Instagram y TikTok. Coordinación con agencias creativas.,12,SEO/SEM|Gestión de redes sociales|Analítica web (Google Analytics),1
sel-marketing-038,marketing,Sofía Cárdenas Vargas. Profesional en marketing digital en Bogotá. Perfil: 14 años de experiencia en el área. Formación: Comunicación Social. Experiencia reciente en una tienda e-commerce: Gestión de influenciadores y alianzas de marca. Experiencia previa en Juan Valdez: Pauta en Meta Ads y estrategia de social media. Redacción de copies y piezas para email marketing.,14,Gestión de redes sociales,0
sel-marketing-002,marketing,Carlos Restrepo Rodríguez. Profesional en marketing digital en Barranquilla. Perfil: 2 años de experiencia en el área. Formación: Diseño Gráfico. Experiencia reciente en Falabella: Manejo de Canva y Adobe Photoshop. Keyword research y optimización de contenidos para posicionamiento en buscadores. Experiencia previa en Avianca: Community manager de marcas de consumo masivo en Instagram y TikTok. Coordinación con agencias creativas. Analítica web y reportes de embudo de conversión.,2,SEO/SEM|Gestión de redes sociales|Analítica web (Google Analytics),1
sel-ventas-050,ventas,Gabriela Ortiz Vargas. Profesional en ventas en Bucaramanga. Perfil: 0 años de experiencia en el área. Formación: Tecnología en Gestión Comercial. Experiencia reciente en Seguros Bolívar: Licencia de conducción y disponibilidad para viajar. Registro de actividades y pronósticos en Pipedrive. Experiencia previa en Claro: Orientación al logro y trabajo bajo presión. Negociación de contratos anuales con grandes superficies. Experiencia como ejecutivo comercial en ventas B2C de servicios financieros.,0,Experiencia en ventas B2B/B2C|Manejo de CRM|Negociación,1
sel-rrhh-042,rrhh,Sebastián Díaz García. Profesional en gestión humana en Bucaramanga. Perfil: 15 años de experiencia en el área. Formación: Trabajo Social. Experiencia reciente en Grupo Éxito: Fuertes relaciones interpersonales y manejo de conflictos. Lideré procesos de selección de personal para cargos operativos y administrativos. Experiencia previa en Alpina: Apoyo en programas de capacitación y onboarding. Liquidación de nómina quincenal para 350 empleados. Manejo de Excel avanzado y tablas dinámicas.,15,Gestión de procesos de selección|Manejo de nómina|Comunicación interpersonal,1
sel-rrhh-050,rrhh,Catalina Herrera Ospina. Profesional en gestión humana en Cali. Perfil: 6 años de experiencia en el área. Formación: Psicología. Experiencia reciente en una caja de compensación: Fuertes relaciones interpersonales y manejo de conflictos. Apoyo en programas de capacitación y onboarding. Experiencia previa en Grupo Éxito: Estrategias de atracción de talento y headhunting para perfiles directivos. Conocimiento del Código Sustantivo del Trabajo. Elaboración de la planilla PILA y novedades de nómina.,6,Gestión de procesos de selección|Manejo de nómina|Comunicación interpersonal,1
sel-ventas-010,ventas,Manuela López Restrepo. Profesional del área comercial en Cartagena. Perfil: 7 años de experiencia en el área. Formación: Administración de Empresas. Experiencia reciente en Seguros Bolívar: Seguimiento del embudo comercial en Salesforce. Experiencia previa en Siemens: Orientación al logro y trabajo bajo presión. Prospección telefónica y visitas en campo.,7,Manejo de CRM,0
sel-fullstack-057,fullstack,Sebastián Gómez Herrera. Profesional en ingeniería de software en Cali. Perfil: 0 años de experiencia en el área. Formación: Ingeniería Electrónica. Experiencia reciente en Rappi: Desarrollo de módulos en TypeScript con pruebas unitarias en Jest. Construí interfaces con React y Next.js para un portal de clientes. Experiencia previa en Globant: Implementación de microservicios en NestJS desplegados en AWS. Contenedores con Docker y despliegues continuos. Participación en revisiones de código y pair programming.,0,JavaScript/TypeScript|React o similar|Node.js o backend equivalente,1
sel-rrhh-053,rrhh,Paula Pardo Herrera. Profesional en gestión humana en Bogotá. Perfil: 5 años de experiencia en el área. Formación: Especialización en Gestión Humana. Experiencia reciente en una empresa de servicios temporales: Organización de jornadas de bienestar laboral. Experiencia previa en Grupo Éxito: Conocimiento del Código Sustantivo del Trabajo.,5,,0
sel-marketing-033,marketing,Alejandro Torres Cárdenas. Profesional en marketing digital en Bucaramanga. Perfil: 15 años de experiencia en el área. Formación: Publicidad. Experiencia reciente en Avianca: Medición de conversiones con Google Analytics 4 (GA4) y Tag Manager. Logré que el sitio apareciera en los primeros resultados de búsqueda para términos clave. Experiencia previa en una agencia digital: Pauta en Meta Ads y estrategia de social media. Gestión de influenciadores y alianzas de marca. Inglés intermedio para campañas regionales.,15,SEO/SEM|Gestión de redes sociales|Analítica web (Google Analytics),1
sel-rrhh-009,rrhh,Natalia Herrera Quintero. Profesional en gestión humana en Cali. Perfil: 0 años de experiencia en el área. Formación: Administración de Empresas. Experiencia reciente en una clínica privada: Gestión de evaluaciones de desempeño anuales. Experiencia previa en Colsubsidio: Sin experiencia en reclutamiento; mi experiencia es en archivo documental. Manejo de Excel avanzado y tablas dinámicas.,0,,0
sel-ventas-008,ventas,Esteban Moreno Suárez. Profesional en ventas en Barranquilla. Perfil: 11 años de experiencia en el área. Formación: Mercadeo y Ventas. Experiencia reciente en una distribuidora de alimentos: Elaboración de cotizaciones y propuestas comerciales. Registro de actividades y pronósticos en Pipedrive. Experiencia previa en Postobón: Licencia de conducción y disponibilidad para viajar. Experiencia como ejecutivo comercial en ventas B2C de servicios financieros.,11,Experiencia en ventas B2B/B2C|Manejo de CRM,1
sel-marketing-015,marketing,Felipe García Suárez. Profesional en mercadeo digital en Cali. Perfil: 8 años de experiencia en el área. Formación: Publicidad. Experiencia reciente en Avianca: Coordinación con agencias creativas. Experiencia previa en una agencia digital: Analítica web y reportes de embudo de conversión. Redacción de copies y piezas para email marketing.,8,Analítica web (Google Analytics),0
sel-rrhh-043,rrhh,Paula Rodríguez Mejía. Profesional de Talento Humano en Bucaramanga. Perfil: 10 años de experiencia en el área. Formación: Psicología. Experiencia reciente en Grupo Éxito: Conocimiento del Código Sustantivo del Trabajo. Experiencia previa en Alpina: Apoyo en programas de capacitación y onboarding.,10,,0
sel-marketing-003,marketing,Mateo Rojas Jiménez. Profesional en marketing digital en Bucaramanga. Perfil: 13 años de experiencia en el área. Formación: Diseño Gráfico. Experiencia reciente en una agencia digital: Planeación de parrillas de contenido para redes sociales. Coordinación con agencias creativas. Experiencia previa en Avianca: Manejo de Canva y Adobe Photoshop. Sin experiencia en Google Analytics.,13,Gestión de redes sociales,0
sel-marketing-028,marketing,Ana María Gómez Rojas. Profesional en mercadeo digital en Bogotá. Perfil: 11 años de experiencia en el área. Formación: Publicidad. Experiencia reciente en una agencia digital: Analítica web y reportes de embudo de conversión. Gestión de influenciadores y alianzas de marca. Experiencia previa en Avianca: Estrategias SEO on-page y off-page que duplicaron el tráfico orgánico. Inglés intermedio para campañas regionales.,11,SEO/SEM|Analítica web (Google Analytics),1
sel-fullstack-048,fullstack,Sofía Salazar Ortiz. Profesional en ingeniería de software en Medellín. Perfil: 10 años de experiencia en el área. Formación: Tecnología en Desarrollo de Software. Experiencia reciente en Bancolombia: Dominio de JavaScript moderno (ES6+) y TypeScript en proyectos productivos. Uso de Git y GitHub para control de versiones. Experiencia previa en una startup fintech: Implementación de microservicios en NestJS desplegados en AWS. Contenedores con Docker y despliegues continuos.,10,JavaScript/TypeScript|Node.js o backend equivalente,0
sel-fullstack-042,fullstack,Gabriela Castro Salazar. Profesional en desarrollo Full Stack en Bogotá. Perfil: 4 años de experiencia en el área. Formación: Ingeniería Electrónica. Experiencia reciente en una consultora de software: Desarrollo de módulos en TypeScript con pruebas unitarias en Jest. Inglés intermedio (B2) para lectura de documentación técnica. Experiencia previa en Rappi: Desarrollo de SPAs con Vue.js y componentes reutilizables. Diseño de APIs REST con Node.js y Express. Contenedores con Docker y despliegues continuos.,4,JavaScript/TypeScript|React o similar|Node.js o backend equivalente,1
sel-ventas-003,ventas,Felipe Gómez Mejía. Profesional del área comercial en Barranquilla. Perfil: 9 años de experiencia en el área. Formación: Administración de Empresas. Experiencia reciente en Siemens: Prospección telefónica y visitas en campo. Experiencia previa en un concesionario de vehículos: Orientación al logro y trabajo bajo presión.,9,,0
sel-rrhh-018,rrhh,"Santiago Torres Ortiz. Profesional de Talento Humano en Barranquilla. Perfil: 13 años de experiencia en el área. Formación: Administración de Empresas. Experiencia reciente en Alpina: Organización de jornadas de bienestar laboral. Fuertes relaciones interpersonales y manejo de conflictos. Experiencia previa en una empresa de servicios temporales: Manejo de nómina, seguridad social y prestaciones sociales. Conocimiento del Código Sustantivo del Trabajo. Estrategias de atracción de talento y headhunting para perfiles directivos.",13,Gestión de procesos de selección|Manejo de nómina|Comunicación interpersonal,1
sel-ventas-055,ventas,Mateo Rojas Suárez. Profesional del área comercial en Manizales. Perfil: 9 años de experiencia en el área. Formación: Administración de Empresas. Experiencia reciente en una distribuidora de alimentos: Cierre de negocios y manejo de objeciones con clientes clave. Experiencia como ejecutivo comercial en ventas B2C de servicios financieros. Experiencia previa en Siemens: Gestión de oportunidades y contactos en HubSpot CRM. Atención y fidelización de clientes. Licencia de conducción y disponibilidad para viajar.,9,Experiencia en ventas B2B/B2C|Manejo de CRM|Negociación,1
sel-marketing-054,marketing,Nicolás Ospina Hernández. Profesional en marketing digital en Bucaramanga. Perfil: 4 años de experiencia en el área. Formación: Comunicación Social. Experiencia reciente en una marca de cosméticos: Tableros de resultados en Looker Studio para la gerencia. Logré que el sitio apareciera en los primeros resultados de búsqueda para términos clave. Experiencia previa en Juan Valdez: Coordinación con agencias creativas. Manejo de Canva y Adobe Photoshop. Planeación de parrillas de contenido para redes sociales.,4,SEO/SEM|Gestión de redes sociales|Analítica web (Google Analytics),1
sel-ventas-012,ventas,Santiago Gómez García. Profesional del área comercial en Bucaramanga. Perfil: 3 años de experiencia en el área. Formación: Mercadeo y Ventas. Experiencia reciente en Postobón: Seguimiento del embudo comercial en Salesforce. Elaboración de cotizaciones y propuestas comerciales. Experiencia previa en Claro: Negociación de contratos anuales con grandes superficies. Prospección telefónica y visitas en campo.,3,Manejo de CRM|Negociación,1
sel-ventas-037,ventas,Santiago García Castro. Profesional en ventas en Bucaramanga. Perfil: 8 años de experiencia en el área. Formación: Tecnología en Gestión Comercial. Experiencia reciente en Seguros Bolívar: Registro de actividades y pronósticos en Pipedrive. Cierre de negocios y manejo de objeciones con clientes clave. Experiencia previa en una distribuidora de alimentos: Atención y fidelización de clientes. Venta consultiva de software a medianas empresas con metas comerciales mensuales. Licencia de conducción y disponibilidad para viajar.,8,Experiencia en ventas B2B/B2C|Manejo de CRM|Negociación,1
sel-marketing-045,marketing,Sebastián Mejía Ospina. Profesional en marketing digital en Medellín. Perfil: 5 años de experiencia en el área. Formación: Diseño Gráfico. Experiencia reciente en Avianca: Planeación de parrillas de contenido para redes sociales. Medición de conversiones con Google Analytics 4 (GA4) y Tag Manager. Experiencia previa en una agencia digital: Redacción de copies y piezas para email marketing. Coordinación con agencias creativas.,5,Gestión de redes sociales|Analítica web (Google Analytics),1
sel-rrhh-001,rrhh,Carlos Restrepo Rojas. Profesional de Talento Humano en Bogotá. Perfil: 0 años de experiencia en el área. Formación: Psicología. Experiencia reciente en Colsubsidio: Organización de jornadas de bienestar laboral. Experiencia previa en Grupo Éxito: Conocimiento del Código Sustantivo del Trabajo. Liquidación de nómina quincenal para 350 empleados.,0,Manejo de nómina,0
sel-rrhh-007,rrhh,Sofía Díaz Torres. Profesional en gestión humana en Manizales. Perfil: 13 años de experiencia en el área. Formación: Especialización en Gestión Humana. Experiencia reciente en Alpina: Conocimiento del Código Sustantivo del Trabajo. Experiencia previa en Colsubsidio: Apoyo en programas de capacitación y onboarding.,13,,0
sel-rrhh-055,rrhh,Carlos Jiménez Quintero. Profesional de Talento Humano en Bucaramanga. Perfil: 14 años de experiencia en el área. Formación: Administración de Empresas. Experiencia reciente en Grupo Éxito: Apoyo en programas de capacitación y onboarding. Experiencia previa en una caja de compensación: Conocimiento del Código Sustantivo del Trabajo.,14,,0
sel-rrhh-060,rrhh,Diego Suárez Rodríguez. Profesional en gestión humana en Medellín. Perfil: 13 años de experiencia en el área. Formación: Administración de Empresas. Experiencia reciente en Colsubsidio: Estrategias de atracción de talento y headhunting para perfiles directivos. Apoyo en programas de capacitación y onboarding. Experiencia previa en una empresa de servicios temporales: Escucha activa en procesos de acompañamiento a empleados. Liquidación de nómina quincenal para 350 empleados. Organización de jornadas de bienestar laboral.,13,Gestión de procesos de selección|Manejo de nómina|Comunicación interpersonal,1
sel-marketing-037,marketing,Isabella Herrera Mejía. Profesional en mercadeo digital en Medellín. Perfil: 4 años de experiencia en el área. Formación: Comunicación Social. Experiencia reciente en Falabella: Inglés intermedio para campañas regionales. Experiencia previa en Avianca: Manejo de Canva y Adobe Photoshop.,4,,0
sel-fullstack-055,fullstack,Felipe Mejía Ortiz. Profesional en ingeniería de software en Bogotá. Perfil: 8 años de experiencia en el área. Formación: Ingeniería de Software. Experiencia reciente en una startup fintech: Desarrollo de módulos en TypeScript con pruebas unitarias en Jest. Inglés intermedio (B2) para lectura de documentación técnica. Modelado de datos en PostgreSQL y consultas optimizadas. Experiencia previa en una consultora de software: Implementación de microservicios en NestJS desplegados en AWS. Contenedores con Docker y despliegues continuos. Desarrollo de SPAs con Vue.js y componentes reutilizables.,8,JavaScript/TypeScript|React o similar|Node.js o backend equivalente|Bases de datos SQL/NoSQL,1
sel-fullstack-051,fullstack,Catalina Martínez López. Profesional en desarrollo Full Stack en Cartagena. Perfil: 9 años de experiencia en el área. Formación: Ingeniería Electrónica. Experiencia reciente en Globant: Participación en revisiones de código y pair programming. Trabajo bajo metodologías ágiles (Scrum y Kanban). Construí interfaces con React y Next.js para un portal de clientes. Experiencia previa en Bancolombia: Desarrollo de servicios en Python con FastAPI y Django. Programo a diario en JavaScript y TypeScript con buenas prácticas de tipado. Modelado de datos en PostgreSQL y consultas optimizadas.,9,JavaScript/TypeScript|React o similar|Node.js o backend equivalente|Bases de datos SQL/NoSQL,1
sel-rrhh-010,rrhh,Santiago Salazar Martínez. Profesional en gestión humana en Bucaramanga. Perfil: 12 años de experiencia en el área. Formación: Psicología. Experiencia reciente en una caja de compensación: Gestión de evaluaciones de desempeño anuales. Experiencia previa en una clínica privada: Organización de jornadas de bienestar laboral. Lideré procesos de selección de personal para cargos operativos y administrativos.,12,Gestión de procesos de selección,0
sel-marketing-044,marketing,Daniela García Díaz. Profesional en marketing digital en Bucaramanga. Perfil: 10 años de experiencia en el área. Formación: Diseño Gráfico. Experiencia reciente en una tienda e-commerce: Inglés intermedio para campañas regionales. Experiencia previa en Juan Valdez: Gestión de influenciadores y alianzas de marca.,10,,0
sel-marketing-059,marketing,Julián Ortiz Vargas. Profesional en mercadeo digital en Barranquilla. Perfil: 6 años de experiencia en el área. Formación: Comunicación Social. Experiencia reciente en Falabella: Medición de conversiones con Google Analytics 4 (GA4) y Tag Manager. Coordinación con agencias creativas. Experiencia previa en una marca de cosméticos: Gestión de influenciadores y alianzas de marca. Pauta en Meta Ads y estrategia de social media. Keyword research y optimización de contenidos para posicionamiento en buscadores.,6,SEO/SEM|Gestión de redes sociales|Analítica web (Google Analytics),1
sel-ventas-019,ventas,Nicolás Herrera Torres. Profesional del área comercial en Bucaramanga. Perfil: 4 años de experiencia en el área. Formación: Administración de Empresas. Experiencia reciente en Seguros Bolívar: Registro de actividades y pronósticos en Pipedrive. Negociación de contratos anuales con grandes superficies. Experiencia previa en una distribuidora de alimentos: Prospección telefónica y visitas en campo. Venta consultiva de software a medianas empresas con metas comerciales mensuales. Elaboración de cotizaciones y propuestas comerciales.,4,Experiencia en ventas B2B/B2C|Manejo de CRM|Negociación,1
sel-ventas-031,ventas,Sebastián Ortiz Ospina. Profesional del área comercial en Manizales. Perfil: 12 años de experiencia en el área. Formación: Tecnología en Gestión Comercial. Experiencia reciente en Siemens: Licencia de conducción y disponibilidad para viajar. Venta consultiva de software a medianas empresas con metas comerciales mensuales. Experiencia previa en una distribuidora de alimentos: Prospección telefónica y visitas en campo. Negociación de contratos anuales con grandes superficies.,12,Experiencia en ventas B2B/B2C|Negociación,1
sel-rrhh-057,rrhh,Luisa Mejía Díaz. Profesional de Talento Humano en Cali. Perfil: 3 años de experiencia en el área. Formación: Especialización en Gestión Humana. Experiencia reciente en Grupo Éxito: Escucha activa en procesos de acompañamiento a empleados. Organización de jornadas de bienestar laboral. Experiencia previa en una empresa de servicios temporales: Reclutamiento y entrevistas por competencias para más de 200 vacantes al año. Apoyo en programas de capacitación y onboarding.,3,Gestión de procesos de selección|Comunicación interpersonal,1
sel-ventas-026,ventas,Natalia Castro Ramírez. Profesional en ventas en Cartagena. Perfil: 6 años de experiencia en el área. Formación: Mercadeo y Ventas. Experiencia reciente en Claro: Venta consultiva de software a medianas empresas con metas comerciales mensuales. Elaboración de cotizaciones y propuestas comerciales. Experiencia previa en Postobón: Registro de actividades y pronósticos en Pipedrive. Negociación de contratos anuales con grandes superficies. Orientación al logro y trabajo bajo presión.,6,Experiencia en ventas B2B/B2C|Manejo de CRM|Negociación,1
sel-rrhh-032,rrhh,"Carlos López Torres. Profesional en gestión humana en Manizales. Perfil: 13 años de experiencia en el área. Formación: Trabajo Social. Experiencia reciente en Grupo Éxito: Filtré hojas de vida y apliqué pruebas psicotécnicas a aspirantes. Conocimiento del Código Sustantivo del Trabajo. Experiencia previa en una empresa de servicios temporales: Organización de jornadas de bienestar laboral. Facilité espacios de diálogo entre equipos y mediación entre compañeros. Manejo de nómina, seguridad social y prestaciones sociales.",13,Gestión de procesos de selección|Manejo de nómina|Comunicación interpersonal,1
sel-fullstack-016,fullstack,Mateo Salazar Ortiz. Profesional en ingeniería de software en Pereira. Perfil: 6 años de experiencia en el área. Formación: Ingeniería de Sistemas. Experiencia reciente en Accenture: Construí interfaces con React y Next.js para un portal de clientes. Administración de esquemas en MySQL y migraciones. Diseño de APIs REST con Node.js y Express. Experiencia previa en una consultora de software: Contenedores con Docker y despliegues continuos. Desarrollo de módulos en TypeScript con pruebas unitarias en Jest. Trabajo bajo metodologías ágiles (Scrum y Kanban).,6,JavaScript/TypeScript|React o similar|Node.js o backend equivalente|Bases de datos SQL/NoSQL,1
sel-ventas-046,ventas,Mateo Quintero Moreno. Profesional del área comercial en Bogotá. Perfil: 6 años de experiencia en el área. Formación: Negocios Internacionales. Experiencia reciente en Postobón: Elaboración de cotizaciones y propuestas comerciales. Experiencia previa en una distribuidora de alimentos: Orientación al logro y trabajo bajo presión.,6,,0
sel-fullstack-018,fullstack,Isabella Restrepo López. Profesional en desarrollo Full Stack en Bogotá. Perfil: 5 años de experiencia en el área. Formación: Ingeniería de Sistemas. Experiencia reciente en Globant: Trabajo bajo metodologías ágiles (Scrum y Kanban). Experiencia previa en Bancolombia: Inglés intermedio (B2) para lectura de documentación técnica.,5,,0
sel-rrhh-025,rrhh,"Catalina Martínez García. Profesional en gestión humana en Medellín. Perfil: 6 años de experiencia en el área. Formación: Especialización en Gestión Humana. Experiencia reciente en Grupo Éxito: Gestión de evaluaciones de desempeño anuales. Experiencia previa en una empresa de servicios temporales: Apoyo en programas de capacitación y onboarding. Sin experiencia en nómina, aunque conozco su importancia.",6,,0
sel-marketing-014,marketing,Isabella Salazar Martínez. Profesional en mercadeo digital en Manizales. Perfil: 8 años de experiencia en el área. Formación: Diseño Gráfico. Experiencia reciente en una agencia digital: Inglés intermedio para campañas regionales. Medición de conversiones con Google Analytics 4 (GA4) y Tag Manager. Experiencia previa en Juan Valdez: Logré que el sitio apareciera en los primeros resultados de búsqueda para términos clave. Gestión de influenciadores y alianzas de marca.,8,SEO/SEM|Analítica web (Google Analytics),1
sel-fullstack-038,fullstack,Carlos Ospina Cárdenas. Profesional en ingeniería de software en Medellín. Perfil: 2 años de experiencia en el área. Formación: Ingeniería de Software. Experiencia reciente en Globant: Trabajo bajo metodologías ágiles (Scrum y Kanban). Experiencia previa en Bancolombia: Desarrollo de servicios en Python con FastAPI y Django. Inglés intermedio (B2) para lectura de documentación técnica.,2,Node.js o backend equivalente,0
sel-ventas-048,ventas,Mateo García Mejía. Profesional en ventas en Bucaramanga. Perfil: 2 años de experiencia en el área. Formación: Mercadeo y Ventas. Experiencia reciente en Postobón: Licencia de conducción y disponibilidad para viajar. Ventas B2B a cuentas corporativas con cumplimiento de cuotas de venta del 115%. Experiencia previa en una distribuidora de alimentos: Cierre de negocios y manejo de objeciones con clientes clave. Orientación al logro y trabajo bajo presión. Registro de actividades y pronósticos en Pipedrive.,2,Experiencia en ventas B2B/B2C|Manejo de CRM|Negociación,1
sel-rrhh-008,rrhh,Sebastián Jiménez Ospina. Profesional de Talento Humano en Bucaramanga. Perfil: 8 años de experiencia en el área. Formación: Especialización en Gestión Humana. Experiencia reciente en Colsubsidio: Gestión de evaluaciones de desempeño anuales. Experiencia previa en una caja de compensación: Conocimiento del Código Sustantivo del Trabajo.,8,,0
sel-ventas-060,ventas,Camila Rojas Mejía. Profesional en ventas en Cali. Perfil: 11 años de experiencia en el área. Formación: Mercadeo y Ventas. Experiencia reciente en una distribuidora de alimentos: Elaboración de cotizaciones y propuestas comerciales. Registro de actividades y pronósticos en Pipedrive. Experiencia previa en Seguros Bolívar: Habilidades de negociación de precios y condiciones comerciales. Atención y fidelización de clientes.,11,Manejo de CRM|Negociación,1
sel-fullstack-029,fullstack,Mateo Restrepo Ortiz. Profesional en ingeniería de software en Pereira. Perfil: 11 años de experiencia en el área. Formación: Tecnología en Desarrollo de Software. Experiencia reciente en Accenture: Inglés intermedio (B2) para lectura de documentación técnica. Experiencia previa en Rappi: Participación en revisiones de código y pair programming. Mantenimiento de una aplicación web en Angular con más de 40 vistas.,11,React o similar,0
sel-marketing-055,marketing,Carlos López García. Profesional en marketing digital en Bucaramanga. Perfil: 5 años de experiencia en el área. Formación: Mercadeo. Experiencia reciente en Avianca: Inglés intermedio para campañas regionales. Experiencia previa en una marca de cosméticos: Keyword research y optimización de contenidos para posicionamiento en buscadores. Gestión de influenciadores y alianzas de marca.,5,SEO/SEM,0
sel-rrhh-024,rrhh,Alejandro Cárdenas Cárdenas. Profesional de Talento Humano en Cali. Perfil: 2 años de experiencia en el área. Formación: Administración de Empresas. Experiencia reciente en una caja de compensación: Gestión de evaluaciones de desempeño anuales. Experiencia previa en una empresa de servicios temporales: Conocimiento del Código Sustantivo del Trabajo.,2,,0
sel-ventas-030,ventas,Carlos Ortiz Martínez. Profesional del área comercial en Pereira. Perfil: 8 años de experiencia en el área. Formación: Mercadeo y Ventas. Experiencia reciente en un concesionario de vehículos: Experiencia como ejecutivo comercial en ventas B2C de servicios financieros. Elaboración de cotizaciones y propuestas comerciales. Experiencia previa en Seguros Bolívar: Gestión de oportunidades y contactos en HubSpot CRM. Prospección telefónica y visitas en campo. Cierre de negocios y manejo de objeciones con clientes clave.,8,Experiencia en ventas B2B/B2C|Manejo de CRM|Negociación,1
sel-fullstack-044,fullstack,Isabella Ramírez Rojas. Profesional en desarrollo Full Stack en Cali. Perfil: 7 años de experiencia en el área. Formación: Ingeniería Electrónica. Experiencia reciente en Globant: Construí interfaces con React y Next.js para un portal de clientes. Dominio de JavaScript moderno (ES6+) y TypeScript en proyectos productivos. Experiencia previa en Accenture: Participación en revisiones de código y pair programming. Inglés intermedio (B2) para lectura de documentación técnica.,7,JavaScript/TypeScript|React o similar,0
sel-ventas-059,ventas,Tomás Torres Ramírez. Profesional del área comercial en Cali. Perfil: 3 años de experiencia en el área. Formación: Administración de Empresas. Experiencia reciente en Postobón: Licencia de conducción y disponibilidad para viajar. Experiencia previa en Claro: Orientación al logro y trabajo bajo presión.,3,,0
sel-rrhh-031,rrhh,Natalia Torres Ramírez. Profesional en gestión humana en Bucaramanga. Perfil: 13 años de experiencia en el área. Formación: Especialización en Gestión Humana. Experiencia reciente en Colsubsidio: Organización de jornadas de bienestar laboral. Experiencia previa en una clínica privada: Apoyo en programas de capacitación y onboarding.,13,,0
sel-marketing-043,marketing,Alejandro Díaz Martínez. Profesional en mercadeo digital en Bucaramanga. Perfil: 1 año de experiencia en el área. Formación: Mercadeo. Experiencia reciente en Avianca: Estrategias SEO on-page y off-page que duplicaron el tráfico orgánico. Analítica web y reportes de embudo de conversión. Experiencia previa en una marca de cosméticos: Gestión de influenciadores y alianzas de marca. Redacción de copies y piezas para email marketing.,1,SEO/SEM|Analítica web (Google Analytics),1
sel-ventas-025,ventas,Daniela Gómez Vargas. Profesional del área comercial en Manizales. Perfil: 3 años de experiencia en el área. Formación: Administración de Empresas. Experiencia reciente en Claro: Orientación al logro y trabajo bajo presión. No maneja CRM; llevaba los clientes en una libreta. Experiencia previa en Postobón: Licencia de conducción y disponibilidad para viajar. Experiencia como ejecutivo comercial en ventas B2C de servicios financieros.,3,Experiencia en ventas B2B/B2C,0
sel-fullstack-002,fullstack,Nicolás Jiménez López. Profesional en ingeniería de software en Pereira. Perfil: 9 años de experiencia en el área. Formación: Ingeniería de Sistemas. Experiencia reciente en una startup fintech: Dominio de JavaScript moderno (ES6+) y TypeScript en proyectos productivos. Uso de Git y GitHub para control de versiones. Experiencia previa en una consultora de software: Desarrollo de servicios en Python con FastAPI y Django. Participación en revisiones de código y pair programming.,9,JavaScript/TypeScript|Node.js o backend equivalente,0
sel-fullstack-017,fullstack,Camila López Herrera. Profesional en ingeniería de software en Bucaramanga. Perfil: 3 años de experiencia en el área. Formación: Ingeniería Electrónica. Experiencia reciente en una consultora de software: Trabajo bajo metodologías ágiles (Scrum y Kanban). Modelado de datos en PostgreSQL y consultas optimizadas. Experiencia previa en Rappi: Desarrollo de SPAs con Vue.js y componentes reutilizables. Participación en revisiones de código y pair programming. Escribo el código del lado del cliente con tipado estático y pruebas automatizadas.,3,JavaScript/TypeScript|React o similar|Bases de datos SQL/NoSQL,1
sel-rrhh-056,rrhh,Carlos Jiménez Moreno. Profesional en gestión humana en Cartagena. Perfil: 8 años de experiencia en el área. Formación: Trabajo Social. Experiencia reciente en Grupo Éxito: Fuertes relaciones interpersonales y manejo de conflictos. Elaboración de la planilla PILA y novedades de nómina. Experiencia previa en Alpina: Manejo de Excel avanzado y tablas dinámicas. Conocimiento del Código Sustantivo del Trabajo.,8,Manejo de nómina|Comunicación interpersonal,1
sel-marketing-019,marketing,Daniela Cárdenas Suárez. Profesional en marketing digital en Medellín. Perfil: 11 años de experiencia en el área. Formación: Mercadeo. Experiencia reciente en Falabella: Manejo de Canva y Adobe Photoshop. Tableros de resultados en Looker Studio para la gerencia. Experiencia previa en una agencia digital: Inglés intermedio para campañas regionales. Estrategias SEO on-page y off-page que duplicaron el tráfico orgánico.,11,SEO/SEM|Analítica web (Google Analytics),1
sel-fullstack-032,fullstack,Mariana Rojas Martínez. Profesional en desarrollo Full Stack en Bucaramanga. Perfil: 10 años de experiencia en el área. Formación: Ingeniería de Software. Experiencia reciente en Accenture: Escribo el código del lado del cliente con tipado estático y pruebas automatizadas. Trabajo bajo metodologías ágiles (Scrum y Kanban). Contenedores con Docker y despliegues continuos. Experiencia previa en Rappi: Desarrollo de servicios en Python con FastAPI y Django. Construí interfaces con React y Next.js para un portal de clientes. Uso de MongoDB y Redis para cachés y documentos.,10,JavaScript/TypeScript|React o similar|Node.js o backend equivalente|Bases de datos SQL/NoSQL,1
sel-fullstack-013,fullstack,Carlos Martínez García. Profesional en desarrollo Full Stack en Bogotá. Perfil: 1 año de experiencia en el área. Formación: Ingeniería de Sistemas. Experiencia reciente en Accenture: Sin experiencia en bases de datos más allá de hojas de cálculo. Implementación de microservicios en NestJS desplegados en AWS. Experiencia previa en Rappi: Dominio de JavaScript moderno (ES6+) y TypeScript en proyectos productivos. Participación en revisiones de código y pair programming. Contenedores con Docker y despliegues continuos.,1,JavaScript/TypeScript|Node.js o backend equivalente,0
sel-rrhh-005,rrhh,Daniela Pardo Mejía. Profesional de Talento Humano en Cartagena. Perfil: 5 años de experiencia en el área. Formación: Administración de Empresas. Experiencia reciente en Grupo Éxito: Conocimiento del Código Sustantivo del Trabajo. Experiencia previa en Alpina: Organización de jornadas de bienestar laboral.,5,,0
sel-ventas-058,ventas,Camila Torres Vargas. Profesional en ventas en Barranquilla. Perfil: 9 años de experiencia en el área. Formación: Tecnología en Gestión Comercial. Experiencia reciente en un concesionario de vehículos: Licencia de conducción y disponibilidad para viajar. Experiencia previa en Siemens: Registro de actividades y pronósticos en Pipedrive. Elaboración de cotizaciones y propuestas comerciales.,9,Manejo de CRM,0
sel-rrhh-030,rrhh,Paula Pardo Torres. Profesional de Talento Humano en Cali. Perfil: 9 años de experiencia en el área. Formación: Trabajo Social. Experiencia reciente en Colsubsidio: Manejo de Excel avanzado y tablas dinámicas. Experiencia previa en Alpina: Conocimiento del Código Sustantivo del Trabajo.,9,,0
sel-ventas-040,ventas,Luisa Moreno Mejía. Profesional en ventas en Bucaramanga. Perfil: 3 años de experiencia en el área. Formación: Mercadeo y Ventas. Experiencia reciente en Seguros Bolívar: Gestión de oportunidades y contactos en HubSpot CRM. Orientación al logro y trabajo bajo presión. Experiencia previa en Claro: Elaboración de cotizaciones y propuestas comerciales. Ventas B2B a cuentas corporativas con cumplimiento de cuotas de venta del 115%.,3,Experiencia en ventas B2B/B2C|Manejo de CRM,1
sel-rrhh-049,rrhh,Camila Salazar Hernández. Profesional en gestión humana en Bogotá. Perfil: 13 años de experiencia en el área. Formación: Administración de Empresas. Experiencia reciente en Alpina: Conocimiento del Código Sustantivo del Trabajo. Experiencia previa en una empresa de servicios temporales: Manejo de Excel avanzado y tablas dinámicas.,13,,0
sel-fullstack-056,fullstack,Andrés Jiménez Ospina. Profesional en desarrollo Full Stack en Cali. Perfil: 0 años de experiencia en el área. Formación: Tecnología en Desarrollo de Software. Experiencia reciente en Globant: Contenedores con Docker y despliegues continuos. Experiencia previa en Rappi: Uso de Git y GitHub para control de versiones.,0,,0
sel-rrhh-036,rrhh,Alejandro Torres López. Profesional en gestión humana en Cali. Perfil: 8 años de experiencia en el área. Formación: Psicología. Experiencia reciente en Colsubsidio: Estrategias de atracción de talento y headhunting para perfiles directivos. Conocimiento del Código Sustantivo del Trabajo. Experiencia previa en Alpina: Escucha activa en procesos de acompañamiento a empleados. Organización de jornadas de bienestar laboral.,8,Gestión de procesos de selección|Comunicación interpersonal,1
sel-marketing-040,marketing,Nicolás Quintero Cárdenas. Profesional en marketing digital en Bucaramanga. Perfil: 3 años de experiencia en el área. Formación: Comunicación Social. Experiencia reciente en una tienda e-commerce: Estrategias SEO on-page y off-page que duplicaron el tráfico orgánico. Inglés intermedio para campañas regionales. Experiencia previa en Juan Valdez: Medí el comportamiento de los visitantes del sitio y reporté tasas de conversión. Manejo de Canva y Adobe Photoshop. Administré las cuentas oficiales de la marca y respondí a la comunidad digital.,3,SEO/SEM|Gestión de redes sociales|Analítica web (Google Analytics),1
sel-rrhh-039,rrhh,Catalina Torres Jiménez. Profesional de Talento Humano en Bogotá. Perfil: 6 años de experiencia en el área. Formación: Trabajo Social. Experiencia reciente en Alpina: Gestión de evaluaciones de desempeño anuales. Experiencia previa en una empresa de servicios temporales: Apoyo en programas de capacitación y onboarding.,6,,0
sel-ventas-054,ventas,Camila Herrera Suárez. Profesional en ventas en Manizales. Perfil: 1 año de experiencia en el área. Formación: Mercadeo y Ventas. Experiencia reciente en un concesionario de vehículos: Ventas B2B a cuentas corporativas con cumplimiento de cuotas de venta del 115%. Registro de actividades y pronósticos en Pipedrive. Experiencia previa en Claro: Licencia de conducción y disponibilidad para viajar. Atención y fidelización de clientes.,1,Experiencia en ventas B2B/B2C|Manejo de CRM,1
sel-marketing-001,marketing,Natalia Hernández García. Profesional en marketing digital en Barranquilla. Perfil: 10 años de experiencia en el área. Formación: Diseño Gráfico. Experiencia reciente en una tienda e-commerce: Coordinación con agencias creativas. Experiencia previa en Juan Valdez: Gestión de influenciadores y alianzas de marca.,10,,0
sel-fullstack-047,fullstack,Andrés Herrera Moreno. Profesional en ingeniería de software en Pereira. Perfil: 9 años de experiencia en el área. Formación: Ingeniería de Software. Experiencia reciente en Accenture: Uso de Git y GitHub para control de versiones. Experiencia previa en Bancolombia: Trabajo bajo metodologías ágiles (Scrum y Kanban). Administración de esquemas en MySQL y migraciones.,9,Bases de datos SQL/NoSQL,0
sel-rrhh-033,rrhh,Juliana Castro Salazar. Profesional de Talento Humano en Barranquilla. Perfil: 13 años de experiencia en el área. Formación: Trabajo Social. Experiencia reciente en una empresa de servicios temporales: Organización de jornadas de bienestar laboral. Experiencia previa en Alpina: Apoyo en programas de capacitación y onboarding. Reclutamiento y entrevistas por competencias para más de 200 vacantes al año.,13,Gestión de procesos de selección,0
sel-marketing-017,marketing,Miguel Ángel Vargas Quintero. Profesional en mercadeo digital en Cali. Perfil: 12 años de experiencia en el área. Formación: Diseño Gráfico. Experiencia reciente en Juan Valdez: Planeación de parrillas de contenido para redes sociales. Experiencia previa en una marca de cosméticos: Manejo de Canva y Adobe Photoshop. Redacción de copies y piezas para email marketing.,12,Gestión de redes sociales,0
sel-fullstack-033,fullstack,Gabriela Hernández Martínez. Profesional en ingeniería de software en Cartagena. Perfil: 5 años de experiencia en el área. Formación: Tecnología en Desarrollo de Software. Experiencia reciente en Bancolombia: Modelado de datos en PostgreSQL y consultas optimizadas. Dominio de JavaScript moderno (ES6+) y TypeScript en proyectos productivos. Desarrollo de SPAs con Vue.js y componentes reutilizables. Experiencia previa en una consultora de software: Trabajo bajo metodologías ágiles (Scrum y Kanban). Desarrollo de servicios en Python con FastAPI y Django. Contenedores con Docker y despliegues continuos.,5,JavaScript/TypeScript|React o similar|Node.js o backend equivalente|Bases de datos SQL/NoSQL,1
sel-fullstack-046,fullstack,Catalina Ortiz Martínez. Profesional en desarrollo Full Stack en Medellín. Perfil: 8 años de experiencia en el área. Formación: Ingeniería Electrónica. Experiencia reciente en Bancolombia: Desarrollo de módulos en TypeScript con pruebas unitarias en Jest. Inglés intermedio (B2) para lectura de documentación técnica. Experiencia previa en Globant: Administración de esquemas en MySQL y migraciones. Contenedores con Docker y despliegues continuos. Mantenimiento de una aplicación web en Angular con más de 40 vistas.,8,JavaScript/TypeScript|React o similar|Bases de datos SQL/NoSQL,1
sel-rrhh-027,rrhh,"Luisa Cárdenas Ortiz. Profesional en gestión humana en Bogotá. Perfil: 1 año de experiencia en el área. Formación: Trabajo Social. Experiencia reciente en una caja de compensación: Manejo de nómina, seguridad social y prestaciones sociales. Organización de jornadas de bienestar laboral. Experiencia previa en una clínica privada: Apoyo en programas de capacitación y onboarding. Sin experiencia en reclutamiento; mi experiencia es en archivo documental.",1,Manejo de nómina,0
sel-rrhh-004,rrhh,Julián Gómez Rodríguez. Profesional en gestión humana en Bogotá. Perfil: 7 años de experiencia en el área. Formación: Especialización en Gestión Humana. Experiencia reciente en Grupo Éxito: Manejo de Excel avanzado y tablas dinámicas. Experiencia previa en Alpina: Conocimiento del Código Sustantivo del Trabajo.,7,,0
sel-ventas-021,ventas,Ana María Quintero Ortiz. Profesional del área comercial en Medellín. Perfil: 11 años de experiencia en el área. Formación: Negocios Internacionales. Experiencia reciente en Seguros Bolívar: Elaboración de cotizaciones y propuestas comerciales. Experiencia previa en Siemens: Atención y fidelización de clientes. Cierre de negocios y manejo de objeciones con clientes clave.,11,Negociación,0
sel-fullstack-004,fullstack,Valentina Gómez López. Profesional en ingeniería de software en Pereira. Perfil: 8 años de experiencia en el área. Formación: Tecnología en Desarrollo de Software. Experiencia reciente en una startup fintech: Uso de Git y GitHub para control de versiones. Contenedores con Docker y despliegues continuos. Desarrollo de SPAs con Vue.js y componentes reutilizables. Experiencia previa en Rappi: Dominio de JavaScript moderno (ES6+) y TypeScript en proyectos productivos. Administración de esquemas en MySQL y migraciones. Implementación de microservicios en NestJS desplegados en AWS.,8,JavaScript/TypeScript|React o similar|Node.js o backend equivalente|Bases de datos SQL/NoSQL,1
sel-ventas-018,ventas,Isabella Díaz Gómez. Profesional en ventas en Medellín. Perfil: 14 años de experiencia en el área. Formación: Administración de Empresas. Experiencia reciente en Claro: Licencia de conducción y disponibilidad para viajar. Experiencia previa en Siemens: Elaboración de cotizaciones y propuestas comerciales.,14,,0
sel-ventas-036,ventas,Isabella Restrepo Cárdenas. Profesional en ventas en Cali. Perfil: 8 años de experiencia en el área. Formación: Negocios Internacionales. Experiencia reciente en Siemens: Habilidades de negociación de precios y condiciones comerciales. Atención y fidelización de clientes. Experiencia previa en una distribuidora de alimentos: Prospección telefónica y visitas en campo. Gestión de oportunidades y contactos en HubSpot CRM. Experiencia como ejecutivo comercial en ventas B2C de servicios financieros.,8,Experiencia en ventas B2B/B2C|Manejo de CRM|Negociación,1
sel-ventas-053,ventas,Paula Quintero Mejía. Profesional del área comercial en Manizales. Perfil: 5 años de experiencia en el área. Formación: Negocios Internacionales. Experiencia reciente en una distribuidora de alimentos: Elaboración de cotizaciones y propuestas comerciales. Prospección telefónica y visitas en campo. Experiencia previa en Claro: Acordé descuentos y plazos de pago con distribuidores regionales. Gestión de oportunidades y contactos en HubSpot CRM. Ventas B2B a cuentas corporativas con cumplimiento de cuotas de venta del 115%.,5,Experiencia en ventas B2B/B2C|Manejo de CRM|Negociación,1
sel-ventas-034,ventas,Ana María Ramírez Rodríguez. Profesional en ventas en Bogotá. Perfil: 5 años de experiencia en el área. Formación: Negocios Internacionales. Experiencia reciente en Siemens: Orientación al logro y trabajo bajo presión. Experiencia previa en un concesionario de vehículos: Atención y fidelización de clientes.,5,,0
sel-rrhh-019,rrhh,Gabriela García Rojas. Profesional en gestión humana en Cali. Perfil: 7 años de experiencia en el área. Formación: Administración de Empresas. Experiencia reciente en Colsubsidio: Reclutamiento y entrevistas por competencias para más de 200 vacantes al año. Experiencia previa en una clínica privada: Conocimiento del Código Sustantivo del Trabajo. Organización de jornadas de bienestar laboral.,7,Gestión de procesos de selección,0
sel-marketing-010,marketing,Catalina Moreno Ortiz. Profesional en marketing digital en Cali. Perfil: 11 años de experiencia en el área. Formación: Diseño Gráfico. Experiencia reciente en Falabella: Administré las cuentas oficiales de la marca y respondí a la comunidad digital. Coordinación con agencias creativas. Experiencia previa en Avianca: Gestión de influenciadores y alianzas de marca. Gestión de campañas SEM en Google Ads con presupuesto mensual de USD 8.000.,11,SEO/SEM|Gestión de redes sociales,1
sel-marketing-013,marketing,Paula Ortiz Ramírez. Profesional en marketing digital en Cartagena. Perfil: 7 años de experiencia en el área. Formación: Comunicación Social. Experiencia reciente en Falabella: Inglés intermedio para campañas regionales. Experiencia previa en una marca de cosméticos: Keyword research y optimización de contenidos para posicionamiento en buscadores. Coordinación con agencias creativas.,7,SEO/SEM,0
